-- ============================================================================
-- ESQUEMA DE BASE DE DATOS - MENTE LIVRE (PostgreSQL)
-- ============================================================================

-- Configuración inicial
-- SET TIME ZONE 'America/Lima'; -- Opcional

-- Extensiones necesarias
CREATE EXTENSION IF NOT EXISTS "uuid-ossp";
CREATE EXTENSION IF NOT EXISTS "pgcrypto";

-- Función para actualizar updated_at automáticamente
CREATE OR REPLACE FUNCTION update_updated_at_column()
RETURNS TRIGGER AS $$
BEGIN
    NEW.updated_at = CURRENT_TIMESTAMP;
    RETURN NEW;
END;
$$ language 'plpgsql';

-- ============================================================================
-- TABLAS DE USUARIOS Y AUTENTICACIÓN
-- ============================================================================

-- Tabla de usuarios
CREATE TABLE IF NOT EXISTS users (
  id UUID PRIMARY KEY DEFAULT gen_random_uuid(),
  email VARCHAR(255) NOT NULL UNIQUE,
  password_hash VARCHAR(255) NOT NULL,
  email_verified BOOLEAN NOT NULL DEFAULT FALSE,
  email_verified_at TIMESTAMP,
  is_active BOOLEAN NOT NULL DEFAULT TRUE,
  created_at TIMESTAMP NOT NULL DEFAULT CURRENT_TIMESTAMP,
  updated_at TIMESTAMP NOT NULL DEFAULT CURRENT_TIMESTAMP
);
CREATE INDEX IF NOT EXISTS idx_users_email ON users(email);
CREATE INDEX IF NOT EXISTS idx_users_active ON users(is_active);
COMMENT ON TABLE users IS 'Usuarios del sistema';
COMMENT ON COLUMN users.id IS 'UUID del usuario';

DROP TRIGGER IF EXISTS update_users_updated_at ON users;
CREATE TRIGGER update_users_updated_at BEFORE UPDATE ON users FOR EACH ROW EXECUTE FUNCTION update_updated_at_column();

-- Tabla de perfiles
CREATE TABLE IF NOT EXISTS profiles (
  id UUID PRIMARY KEY DEFAULT gen_random_uuid(),
  user_id UUID NOT NULL UNIQUE REFERENCES users(id) ON DELETE CASCADE,
  first_name VARCHAR(100),
  last_name VARCHAR(100),
  full_name VARCHAR(200),
  phone VARCHAR(20),
  created_at TIMESTAMP NOT NULL DEFAULT CURRENT_TIMESTAMP,
  updated_at TIMESTAMP NOT NULL DEFAULT CURRENT_TIMESTAMP
);
CREATE INDEX IF NOT EXISTS idx_profiles_user_id ON profiles(user_id);
COMMENT ON TABLE profiles IS 'Perfiles extendidos de usuarios';

DROP TRIGGER IF EXISTS update_profiles_updated_at ON profiles;
CREATE TRIGGER update_profiles_updated_at BEFORE UPDATE ON profiles FOR EACH ROW EXECUTE FUNCTION update_updated_at_column();

-- Tabla de roles
CREATE TABLE IF NOT EXISTS roles (
  id SMALLINT PRIMARY KEY GENERATED BY DEFAULT AS IDENTITY,
  name VARCHAR(50) NOT NULL UNIQUE,
  description VARCHAR(255),
  created_at TIMESTAMP NOT NULL DEFAULT CURRENT_TIMESTAMP
);
CREATE INDEX IF NOT EXISTS idx_roles_name ON roles(name);
COMMENT ON TABLE roles IS 'Roles del sistema';

-- Tabla de asignación de roles
CREATE TABLE IF NOT EXISTS user_roles (
  id UUID PRIMARY KEY DEFAULT gen_random_uuid(),
  user_id UUID NOT NULL REFERENCES users(id) ON DELETE CASCADE,
  role_id SMALLINT NOT NULL REFERENCES roles(id) ON DELETE CASCADE,
  created_at TIMESTAMP NOT NULL DEFAULT CURRENT_TIMESTAMP,
  CONSTRAINT unique_user_role UNIQUE (user_id, role_id)
);
CREATE INDEX IF NOT EXISTS idx_user_roles_user ON user_roles(user_id);
CREATE INDEX IF NOT EXISTS idx_user_roles_role ON user_roles(role_id);
COMMENT ON TABLE user_roles IS 'Asignación de roles a usuarios';

-- Tabla de clasificación de emails
CREATE TABLE IF NOT EXISTS email_classifications (
  id UUID PRIMARY KEY DEFAULT gen_random_uuid(),
  user_id UUID REFERENCES users(id) ON DELETE SET NULL,
  email_domain VARCHAR(255) NOT NULL,
  account_type TEXT NOT NULL DEFAULT 'public' CHECK (account_type IN ('university_pe', 'university_international', 'corporate', 'public')),
  is_university_verified BOOLEAN NOT NULL DEFAULT FALSE,
  graduate_recent BOOLEAN NOT NULL DEFAULT FALSE,
  graduate_until DATE,
  created_at TIMESTAMP NOT NULL DEFAULT CURRENT_TIMESTAMP,
  updated_at TIMESTAMP NOT NULL DEFAULT CURRENT_TIMESTAMP
);
CREATE INDEX IF NOT EXISTS idx_email_classifications_domain ON email_classifications(email_domain);
CREATE INDEX IF NOT EXISTS idx_email_classifications_user ON email_classifications(user_id);
COMMENT ON TABLE email_classifications IS 'Clasificación de emails por dominio';

DROP TRIGGER IF EXISTS update_email_classifications_updated_at ON email_classifications;
CREATE TRIGGER update_email_classifications_updated_at BEFORE UPDATE ON email_classifications FOR EACH ROW EXECUTE FUNCTION update_updated_at_column();

-- Tabla de reglas de dominios
CREATE TABLE IF NOT EXISTS email_domain_rules (
  id UUID PRIMARY KEY DEFAULT gen_random_uuid(),
  domain VARCHAR(255) NOT NULL UNIQUE,
  rule_type TEXT NOT NULL CHECK (rule_type IN ('whitelist', 'blacklist')),
  note TEXT,
  is_active BOOLEAN NOT NULL DEFAULT TRUE,
  created_at TIMESTAMP NOT NULL DEFAULT CURRENT_TIMESTAMP,
  updated_at TIMESTAMP NOT NULL DEFAULT CURRENT_TIMESTAMP
);
CREATE INDEX IF NOT EXISTS idx_email_domain_rules_domain ON email_domain_rules(domain);
CREATE INDEX IF NOT EXISTS idx_email_domain_rules_active ON email_domain_rules(is_active);
COMMENT ON TABLE email_domain_rules IS 'Reglas de dominios de email para clasificación';

DROP TRIGGER IF EXISTS update_email_domain_rules_updated_at ON email_domain_rules;
CREATE TRIGGER update_email_domain_rules_updated_at BEFORE UPDATE ON email_domain_rules FOR EACH ROW EXECUTE FUNCTION update_updated_at_column();

-- ============================================================================
-- TABLAS DE TERAPEUTAS
-- ============================================================================

-- Tabla principal de terapeutas
CREATE TABLE IF NOT EXISTS therapists (
  id UUID PRIMARY KEY DEFAULT gen_random_uuid(),
  user_id UUID REFERENCES users(id) ON DELETE SET NULL,
  name VARCHAR(200) NOT NULL,
  university VARCHAR(255) NOT NULL,
  academic_cycle VARCHAR(50) NOT NULL,
  academic_credentials TEXT,
  age INTEGER,
  years_experience INTEGER,
  professional_level VARCHAR(100),
  role_title VARCHAR(100) NOT NULL DEFAULT 'Psicólogo/a',
  specialty VARCHAR(255),
  therapeutic_approach TEXT,
  short_description VARCHAR(300),
  public_bio TEXT,
  modality VARCHAR(50) NOT NULL DEFAULT 'Online',
  availability_schedule TEXT,
  is_active BOOLEAN NOT NULL DEFAULT TRUE,
  is_visible_in_about BOOLEAN NOT NULL DEFAULT FALSE,
  hourly_rate DECIMAL(10,2) NOT NULL,
  field_visibility JSONB,
  created_at TIMESTAMP NOT NULL DEFAULT CURRENT_TIMESTAMP,
  updated_at TIMESTAMP NOT NULL DEFAULT CURRENT_TIMESTAMP
);
CREATE INDEX IF NOT EXISTS idx_therapists_user ON therapists(user_id);
CREATE INDEX IF NOT EXISTS idx_therapists_active ON therapists(is_active);
CREATE INDEX IF NOT EXISTS idx_therapists_visible_about ON therapists(is_visible_in_about);
COMMENT ON TABLE therapists IS 'Terapeutas del sistema';

DROP TRIGGER IF EXISTS update_therapists_updated_at ON therapists;
CREATE TRIGGER update_therapists_updated_at BEFORE UPDATE ON therapists FOR EACH ROW EXECUTE FUNCTION update_updated_at_column();

-- Tabla de precios
CREATE TABLE IF NOT EXISTS therapist_pricing (
  id UUID PRIMARY KEY DEFAULT gen_random_uuid(),
  therapist_id UUID NOT NULL REFERENCES therapists(id) ON DELETE CASCADE,
  pricing_tier TEXT NOT NULL CHECK (pricing_tier IN ('university_pe', 'university_international', 'corporate', 'public')),
  price DECIMAL(10,2) NOT NULL,
  is_enabled BOOLEAN NOT NULL DEFAULT TRUE,
  created_at TIMESTAMP NOT NULL DEFAULT CURRENT_TIMESTAMP,
  updated_at TIMESTAMP NOT NULL DEFAULT CURRENT_TIMESTAMP,
  CONSTRAINT unique_therapist_tier UNIQUE (therapist_id, pricing_tier)
);
CREATE INDEX IF NOT EXISTS idx_therapist_pricing_therapist ON therapist_pricing(therapist_id);
CREATE INDEX IF NOT EXISTS idx_therapist_pricing_tier ON therapist_pricing(pricing_tier);
COMMENT ON TABLE therapist_pricing IS 'Precios de terapeutas por tipo de cuenta';

DROP TRIGGER IF EXISTS update_therapist_pricing_updated_at ON therapist_pricing;
CREATE TRIGGER update_therapist_pricing_updated_at BEFORE UPDATE ON therapist_pricing FOR EACH ROW EXECUTE FUNCTION update_updated_at_column();

-- Tabla de temas de experiencia
CREATE TABLE IF NOT EXISTS therapist_experience_topics (
  id UUID PRIMARY KEY DEFAULT gen_random_uuid(),
  therapist_id UUID NOT NULL REFERENCES therapists(id) ON DELETE CASCADE,
  topic VARCHAR(255) NOT NULL,
  created_at TIMESTAMP NOT NULL DEFAULT CURRENT_TIMESTAMP
);
CREATE INDEX IF NOT EXISTS idx_therapist_topics_therapist ON therapist_experience_topics(therapist_id);
CREATE INDEX IF NOT EXISTS idx_therapist_topics_topic ON therapist_experience_topics(topic);
COMMENT ON TABLE therapist_experience_topics IS 'Temas de experiencia de terapeutas';

-- Tabla de población atendida
CREATE TABLE IF NOT EXISTS therapist_population_served (
  id UUID PRIMARY KEY DEFAULT gen_random_uuid(),
  therapist_id UUID NOT NULL REFERENCES therapists(id) ON DELETE CASCADE,
  population VARCHAR(255) NOT NULL,
  created_at TIMESTAMP NOT NULL DEFAULT CURRENT_TIMESTAMP
);
CREATE INDEX IF NOT EXISTS idx_therapist_population_therapist ON therapist_population_served(therapist_id);
COMMENT ON TABLE therapist_population_served IS 'Población atendida por terapeutas';

-- Tabla de imágenes
CREATE TABLE IF NOT EXISTS therapist_photos (
  id UUID PRIMARY KEY DEFAULT gen_random_uuid(),
  therapist_id UUID NOT NULL REFERENCES therapists(id) ON DELETE CASCADE,
  photo_type TEXT NOT NULL DEFAULT 'profile' CHECK (photo_type IN ('profile', 'friendly')),
  photo_url VARCHAR(500) NOT NULL,
  photo_position VARCHAR(50) NOT NULL DEFAULT '50% 20%',
  is_active BOOLEAN NOT NULL DEFAULT TRUE,
  created_at TIMESTAMP NOT NULL DEFAULT CURRENT_TIMESTAMP,
  updated_at TIMESTAMP NOT NULL DEFAULT CURRENT_TIMESTAMP
);
CREATE INDEX IF NOT EXISTS idx_therapist_photos_therapist ON therapist_photos(therapist_id);
CREATE INDEX IF NOT EXISTS idx_therapist_photos_type ON therapist_photos(photo_type);
CREATE INDEX IF NOT EXISTS idx_therapist_photos_active ON therapist_photos(is_active);
COMMENT ON TABLE therapist_photos IS 'Fotos de terapeutas';

DROP TRIGGER IF EXISTS update_therapist_photos_updated_at ON therapist_photos;
CREATE TRIGGER update_therapist_photos_updated_at BEFORE UPDATE ON therapist_photos FOR EACH ROW EXECUTE FUNCTION update_updated_at_column();

-- ============================================================================
-- TABLAS DE HORARIOS
-- ============================================================================

-- Horarios semanales
CREATE TABLE IF NOT EXISTS weekly_schedules (
  id UUID PRIMARY KEY DEFAULT gen_random_uuid(),
  therapist_id UUID NOT NULL REFERENCES therapists(id) ON DELETE CASCADE,
  day_of_week SMALLINT NOT NULL,
  start_time TIME NOT NULL,
  end_time TIME NOT NULL,
  is_active BOOLEAN NOT NULL DEFAULT TRUE,
  updated_by_role VARCHAR(50),
  created_at TIMESTAMP NOT NULL DEFAULT CURRENT_TIMESTAMP,
  updated_at TIMESTAMP NOT NULL DEFAULT CURRENT_TIMESTAMP,
  CONSTRAINT unique_therapist_day_time UNIQUE (therapist_id, day_of_week, start_time)
);
CREATE INDEX IF NOT EXISTS idx_weekly_schedules_therapist ON weekly_schedules(therapist_id);
CREATE INDEX IF NOT EXISTS idx_weekly_schedules_day ON weekly_schedules(day_of_week);
COMMENT ON TABLE weekly_schedules IS 'Horarios semanales recurrentes de terapeutas';

DROP TRIGGER IF EXISTS update_weekly_schedules_updated_at ON weekly_schedules;
CREATE TRIGGER update_weekly_schedules_updated_at BEFORE UPDATE ON weekly_schedules FOR EACH ROW EXECUTE FUNCTION update_updated_at_column();

-- Excepciones de horarios
CREATE TABLE IF NOT EXISTS weekly_schedule_overrides (
  id UUID PRIMARY KEY DEFAULT gen_random_uuid(),
  therapist_id UUID NOT NULL REFERENCES therapists(id) ON DELETE CASCADE,
  week_start_date DATE NOT NULL,
  day_of_week SMALLINT NOT NULL,
  start_time TIME NOT NULL,
  end_time TIME NOT NULL,
  is_active BOOLEAN NOT NULL DEFAULT TRUE,
  updated_by_role VARCHAR(50),
  created_at TIMESTAMP NOT NULL DEFAULT CURRENT_TIMESTAMP,
  updated_at TIMESTAMP NOT NULL DEFAULT CURRENT_TIMESTAMP,
  CONSTRAINT unique_therapist_week_day_time UNIQUE (therapist_id, week_start_date, day_of_week, start_time)
);
CREATE INDEX IF NOT EXISTS idx_schedule_overrides_therapist_week ON weekly_schedule_overrides(therapist_id, week_start_date);
COMMENT ON TABLE weekly_schedule_overrides IS 'Excepciones de horarios por semana específica';

DROP TRIGGER IF EXISTS update_weekly_schedule_overrides_updated_at ON weekly_schedule_overrides;
CREATE TRIGGER update_weekly_schedule_overrides_updated_at BEFORE UPDATE ON weekly_schedule_overrides FOR EACH ROW EXECUTE FUNCTION update_updated_at_column();

-- ============================================================================
-- TABLAS DE CITAS Y PAGOS
-- ============================================================================

-- Contactos de pacientes
CREATE TABLE IF NOT EXISTS patient_contacts (
  id UUID PRIMARY KEY DEFAULT gen_random_uuid(),
  email VARCHAR(255) NOT NULL,
  first_name VARCHAR(100),
  last_name VARCHAR(100),
  full_name VARCHAR(200) NOT NULL,
  phone VARCHAR(20),
  created_at TIMESTAMP NOT NULL DEFAULT CURRENT_TIMESTAMP,
  updated_at TIMESTAMP NOT NULL DEFAULT CURRENT_TIMESTAMP
);
CREATE INDEX IF NOT EXISTS idx_patient_contacts_email ON patient_contacts(email);
COMMENT ON TABLE patient_contacts IS 'Información de contacto de pacientes';

DROP TRIGGER IF EXISTS update_patient_contacts_updated_at ON patient_contacts;
CREATE TRIGGER update_patient_contacts_updated_at BEFORE UPDATE ON patient_contacts FOR EACH ROW EXECUTE FUNCTION update_updated_at_column();

-- Códigos promocionales
CREATE TABLE IF NOT EXISTS promo_codes (
  id UUID PRIMARY KEY DEFAULT gen_random_uuid(),
  code VARCHAR(50) NOT NULL UNIQUE,
  is_active BOOLEAN NOT NULL DEFAULT TRUE,
  discount_percent SMALLINT NOT NULL,
  base_price DECIMAL(10,2) NOT NULL DEFAULT 25.00,
  max_uses_total INTEGER,
  max_uses_per_user INTEGER NOT NULL DEFAULT 1,
  max_sessions SMALLINT NOT NULL DEFAULT 1,
  valid_from TIMESTAMP,
  valid_until TIMESTAMP,
  uses_count INTEGER NOT NULL DEFAULT 0,
  created_at TIMESTAMP NOT NULL DEFAULT CURRENT_TIMESTAMP,
  updated_at TIMESTAMP NOT NULL DEFAULT CURRENT_TIMESTAMP
);
CREATE INDEX IF NOT EXISTS idx_promo_codes_code ON promo_codes(code);
CREATE INDEX IF NOT EXISTS idx_promo_codes_active ON promo_codes(is_active);
COMMENT ON TABLE promo_codes IS 'Códigos promocionales';

DROP TRIGGER IF EXISTS update_promo_codes_updated_at ON promo_codes;
CREATE TRIGGER update_promo_codes_updated_at BEFORE UPDATE ON promo_codes FOR EACH ROW EXECUTE FUNCTION update_updated_at_column();

-- Citas
CREATE TABLE IF NOT EXISTS appointments (
  id UUID PRIMARY KEY DEFAULT gen_random_uuid(),
  therapist_id UUID NOT NULL REFERENCES therapists(id) ON DELETE CASCADE,
  user_id UUID REFERENCES users(id) ON DELETE SET NULL,
  patient_contact_id UUID REFERENCES patient_contacts(id) ON DELETE SET NULL,
  patient_email VARCHAR(255) NOT NULL,
  patient_name VARCHAR(200) NOT NULL,
  patient_phone VARCHAR(20),
  consultation_reason TEXT,
  appointment_date DATE NOT NULL,
  start_time TIME NOT NULL,
  end_time TIME NOT NULL,
  status TEXT NOT NULL DEFAULT 'pending' CHECK (status IN ('pending', 'confirmed', 'completed', 'cancelled', 'pending_payment', 'payment_review')),
  pricing_tier TEXT CHECK (pricing_tier IN ('university_pe', 'university_international', 'corporate', 'public')),
  promo_code_id UUID REFERENCES promo_codes(id) ON DELETE SET NULL,
  email_used VARCHAR(255),
  notes TEXT,
  created_at TIMESTAMP NOT NULL DEFAULT CURRENT_TIMESTAMP,
  updated_at TIMESTAMP NOT NULL DEFAULT CURRENT_TIMESTAMP,
  CONSTRAINT unique_appointment_slot UNIQUE (therapist_id, appointment_date, start_time)
);
CREATE INDEX IF NOT EXISTS idx_appointments_therapist ON appointments(therapist_id);
CREATE INDEX IF NOT EXISTS idx_appointments_user ON appointments(user_id);
CREATE INDEX IF NOT EXISTS idx_appointments_date ON appointments(appointment_date);
CREATE INDEX IF NOT EXISTS idx_appointments_status ON appointments(status);
CREATE INDEX IF NOT EXISTS idx_appointments_patient_email ON appointments(patient_email);
CREATE INDEX IF NOT EXISTS idx_appointments_promo_code ON appointments(promo_code_id);
COMMENT ON TABLE appointments IS 'Citas/agendamientos';

DROP TRIGGER IF EXISTS update_appointments_updated_at ON appointments;
CREATE TRIGGER update_appointments_updated_at BEFORE UPDATE ON appointments FOR EACH ROW EXECUTE FUNCTION update_updated_at_column();

-- Pagos
CREATE TABLE IF NOT EXISTS appointment_payments (
  id UUID PRIMARY KEY DEFAULT gen_random_uuid(),
  appointment_id UUID NOT NULL UNIQUE REFERENCES appointments(id) ON DELETE CASCADE,
  original_price DECIMAL(10,2) NOT NULL,
  discount_applied DECIMAL(10,2) NOT NULL DEFAULT 0.00,
  final_price DECIMAL(10,2) NOT NULL,
  amount_paid DECIMAL(10,2),
  payment_method VARCHAR(50) NOT NULL DEFAULT 'Yape/Plin',
  payment_confirmed_at TIMESTAMP,
  payment_confirmed_by UUID REFERENCES users(id) ON DELETE SET NULL,
  created_at TIMESTAMP NOT NULL DEFAULT CURRENT_TIMESTAMP,
  updated_at TIMESTAMP NOT NULL DEFAULT CURRENT_TIMESTAMP
);
CREATE INDEX IF NOT EXISTS idx_appointment_payments_appointment ON appointment_payments(appointment_id);
COMMENT ON TABLE appointment_payments IS 'Información de pago de citas';

DROP TRIGGER IF EXISTS update_appointment_payments_updated_at ON appointment_payments;
CREATE TRIGGER update_appointment_payments_updated_at BEFORE UPDATE ON appointment_payments FOR EACH ROW EXECUTE FUNCTION update_updated_at_column();

-- Uso de promo codes
CREATE TABLE IF NOT EXISTS promo_code_uses (
  id UUID PRIMARY KEY DEFAULT gen_random_uuid(),
  promo_code_id UUID NOT NULL REFERENCES promo_codes(id) ON DELETE CASCADE,
  appointment_id UUID REFERENCES appointments(id) ON DELETE SET NULL,
  user_email VARCHAR(255) NOT NULL,
  discount_applied DECIMAL(10,2) NOT NULL,
  final_amount DECIMAL(10,2) NOT NULL,
  created_at TIMESTAMP NOT NULL DEFAULT CURRENT_TIMESTAMP
);
CREATE INDEX IF NOT EXISTS idx_promo_code_uses_code ON promo_code_uses(promo_code_id);
CREATE INDEX IF NOT EXISTS idx_promo_code_uses_appointment ON promo_code_uses(appointment_id);
CREATE INDEX IF NOT EXISTS idx_promo_code_uses_email ON promo_code_uses(user_email);
COMMENT ON TABLE promo_code_uses IS 'Registro de uso de códigos promocionales';

-- ============================================================================
-- TABLAS DE CONTENIDO INSTITUCIONAL
-- ============================================================================

-- Contenido del sitio
CREATE TABLE IF NOT EXISTS site_content (
  id UUID PRIMARY KEY DEFAULT gen_random_uuid(),
  about_title VARCHAR(255) NOT NULL DEFAULT '¿Quiénes Somos?',
  about_intro TEXT NOT NULL,
  mission TEXT NOT NULL,
  vision TEXT NOT NULL,
  approach TEXT NOT NULL,
  purpose TEXT,
  "values" JSONB,
  updated_by UUID REFERENCES users(id) ON DELETE SET NULL,
  created_at TIMESTAMP NOT NULL DEFAULT CURRENT_TIMESTAMP,
  updated_at TIMESTAMP NOT NULL DEFAULT CURRENT_TIMESTAMP
);
COMMENT ON TABLE site_content IS 'Contenido institucional del sitio';

DROP TRIGGER IF EXISTS update_site_content_updated_at ON site_content;
CREATE TRIGGER update_site_content_updated_at BEFORE UPDATE ON site_content FOR EACH ROW EXECUTE FUNCTION update_updated_at_column();

-- Perfiles del equipo
CREATE TABLE IF NOT EXISTS team_profiles (
  id UUID PRIMARY KEY DEFAULT gen_random_uuid(),
  member_type TEXT NOT NULL CHECK (member_type IN ('clinical', 'institutional')),
  linked_therapist_id UUID REFERENCES therapists(id) ON DELETE SET NULL,
  full_name VARCHAR(200) NOT NULL,
  public_role_title VARCHAR(100) NOT NULL,
  professional_level VARCHAR(100),
  public_bio TEXT,
  friendly_photo_url VARCHAR(500),
  is_visible_public BOOLEAN NOT NULL DEFAULT TRUE,
  order_index INTEGER NOT NULL DEFAULT 0,
  created_at TIMESTAMP NOT NULL DEFAULT CURRENT_TIMESTAMP,
  updated_at TIMESTAMP NOT NULL DEFAULT CURRENT_TIMESTAMP
);
CREATE INDEX IF NOT EXISTS idx_team_profiles_type ON team_profiles(member_type);
CREATE INDEX IF NOT EXISTS idx_team_profiles_visible ON team_profiles(is_visible_public);
CREATE INDEX IF NOT EXISTS idx_team_profiles_order ON team_profiles(order_index);
COMMENT ON TABLE team_profiles IS 'Perfiles del equipo para página Conócenos';

DROP TRIGGER IF EXISTS update_team_profiles_updated_at ON team_profiles;
CREATE TRIGGER update_team_profiles_updated_at BEFORE UPDATE ON team_profiles FOR EACH ROW EXECUTE FUNCTION update_updated_at_column();

-- ============================================================================
-- DATOS INICIALES
-- ============================================================================

-- Insertar roles básicos
INSERT INTO roles (id, name, description) VALUES
(1, 'admin', 'Administrador del sistema'),
(2, 'therapist', 'Terapeuta/Psicólogo')
ON CONFLICT (id) DO UPDATE SET
  name = EXCLUDED.name,
  description = EXCLUDED.description;

-- Insertar contenido inicial del sitio
INSERT INTO site_content (id, about_title, about_intro, mission, vision, approach, purpose, "values") VALUES
('00000000-0000-0000-0000-000000000001', 
 '¿Quiénes Somos?',
 'En Mente Livre nos dedicamos a acompañar a jóvenes y universitarios en su bienestar emocional y mental. Nuestro equipo combina profesionales titulados y practicantes avanzados con formación especializada en psicología, enfocados en brindar atención online de calidad, cercana y confiable.',
 'Brindar acompañamiento emocional accesible y de calidad a jóvenes universitarios, promoviendo su bienestar mental durante una etapa crucial de sus vidas.',
 'Ser referentes en consejería psicológica online para jóvenes, construyendo una comunidad donde la salud mental sea prioridad y esté al alcance de todos.',
 'Ofrecemos consejería psicológica (no psicoterapia clínica), enfocada en orientación breve y objetivos concretos. No realizamos diagnósticos ni tratamientos clínicos.',
 NULL,
 jsonb_build_array('Accesibilidad', 'Confidencialidad', 'Compromiso social', 'Profesionalismo', 'Empatía'))
ON CONFLICT (id) DO UPDATE SET
  about_title = EXCLUDED.about_title,
  about_intro = EXCLUDED.about_intro,
  mission = EXCLUDED.mission,
  vision = EXCLUDED.vision,
  approach = EXCLUDED.approach,
  "values" = EXCLUDED."values";

-- Insertar dominios de universidades peruanas
INSERT INTO email_domain_rules (domain, rule_type, note, is_active) VALUES
('pucp.edu.pe', 'whitelist', 'Pontificia Universidad Católica del Perú', TRUE),
('ulima.edu.pe', 'whitelist', 'Universidad de Lima', TRUE),
('upc.edu.pe', 'whitelist', 'Universidad Peruana de Ciencias Aplicadas', TRUE),
('up.edu.pe', 'whitelist', 'Universidad del Pacífico', TRUE),
('usmp.pe', 'whitelist', 'Universidad San Martín de Porres', TRUE),
('unmsm.edu.pe', 'whitelist', 'Universidad Nacional Mayor de San Marcos', TRUE),
('unfv.edu.pe', 'whitelist', 'Universidad Nacional Federico Villarreal', TRUE),
('uni.edu.pe', 'whitelist', 'Universidad Nacional de Ingeniería', TRUE),
('unsa.edu.pe', 'whitelist', 'Universidad Nacional de San Agustín', TRUE),
('ucsm.edu.pe', 'whitelist', 'Universidad Católica de Santa María', TRUE),
('ucsp.edu.pe', 'whitelist', 'Universidad Católica San Pablo', TRUE),
('uandina.edu.pe', 'whitelist', 'Universidad Andina del Cusco', TRUE),
('ucsur.edu.pe', 'whitelist', 'Universidad Científica del Sur', TRUE),
('upn.edu.pe', 'whitelist', 'Universidad Privada del Norte', TRUE),
('utp.edu.pe', 'whitelist', 'Universidad Tecnológica del Perú', TRUE),
('upao.edu.pe', 'whitelist', 'Universidad Privada Antenor Orrego', TRUE),
('usat.edu.pe', 'whitelist', 'Universidad Católica Santo Toribio de Mogrovejo', TRUE),
('udep.edu.pe', 'whitelist', 'Universidad de Piura', TRUE),
('continental.edu.pe', 'whitelist', 'Universidad Continental', TRUE),
('usil.edu.pe', 'whitelist', 'Universidad San Ignacio de Loyola', TRUE),
('esan.edu.pe', 'whitelist', 'Universidad ESAN', TRUE),
('cayetano.edu.pe', 'whitelist', 'Universidad Peruana Cayetano Heredia', TRUE),
('urp.edu.pe', 'whitelist', 'Universidad Ricardo Palma', TRUE),
('uigv.edu.pe', 'whitelist', 'Universidad Inca Garcilaso de la Vega', TRUE),
('uap.edu.pe', 'whitelist', 'Universidad Alas Peruanas', TRUE),
('uncp.edu.pe', 'whitelist', 'Universidad Nacional del Centro del Perú', TRUE),
('unsaac.edu.pe', 'whitelist', 'Universidad Nacional de San Antonio Abad del Cusco', TRUE),
('unt.edu.pe', 'whitelist', 'Universidad Nacional de Trujillo', TRUE),
('unp.edu.pe', 'whitelist', 'Universidad Nacional de Piura', TRUE),
('unprg.edu.pe', 'whitelist', 'Universidad Nacional Pedro Ruiz Gallo', TRUE)
ON CONFLICT (domain) DO UPDATE SET
  rule_type = EXCLUDED.rule_type,
  note = EXCLUDED.note,
  is_active = EXCLUDED.is_active;



-- SOURCE: 001_seed_production_data.sql
-- ============================================================================
-- MIGRACIÓN DE DATOS DE PRODUCCIÓN
-- Mente Livre - Migración de Datos desde Supabase
-- Generado automáticamente desde archivos CSV
-- ============================================================================
-- 
-- IMPORTANTE: Este archivo contiene datos reales de producción
-- Ejecutar SOLO después de que el esquema estructural esté completo (schema.sql)
-- 
-- INSTRUCCIONES:
-- 1. Asegurar que schema.sql ya se ejecutó
-- 2. Revisar y ajustar los datos si es necesario
-- 3. Ejecutar: mysql -u usuario -p base_de_datos < 001_seed_production_data.sql
-- 
-- ============================================================================




-- ============================================================================
-- 1. MIGRACIÓN DE USUARIOS Y PERFILES
-- ============================================================================

-- Usuario: socasanchez.luis@gmail.com
INSERT INTO users (id, email, password_hash, email_verified, email_verified_at, is_active, created_at, updated_at) VALUES
  ('c595db4e-2488-4815-8a8c-18f86b243c93', 'socasanchez.luis@gmail.com', '$2y$10$TEMPORARY.PASSWORD.MUST.BE.CHANGED', FALSE, NULL, TRUE, '2025-12-22 21:02:26', '2025-12-22 21:02:26')
 ON CONFLICT (id) DO UPDATE SET 
  email = EXCLUDED.email,
  updated_at = EXCLUDED.updated_at;


INSERT INTO profiles (id, user_id, first_name, last_name, full_name, phone, created_at, updated_at) VALUES
  ('c595db4e-2488-4815-8a8c-18f86b243c93', 'c595db4e-2488-4815-8a8c-18f86b243c93', NULL, NULL, 'Luis Sánchez Soca', NULL, '2025-12-22 21:02:26', '2025-12-22 21:02:26')
 ON CONFLICT (id) DO UPDATE SET 
  first_name = EXCLUDED.first_name,
  last_name = EXCLUDED.last_name,
  full_name = EXCLUDED.full_name,
  phone = EXCLUDED.phone,
  updated_at = EXCLUDED.updated_at;


-- Usuario: esmeralda.sanchez@unmsm.edu.pe
INSERT INTO users (id, email, password_hash, email_verified, email_verified_at, is_active, created_at, updated_at) VALUES
  ('fb664885-f107-4b8d-bf56-b3a08ba331b1', 'esmeralda.sanchez@unmsm.edu.pe', '$2y$10$TEMPORARY.PASSWORD.MUST.BE.CHANGED', FALSE, NULL, TRUE, '2025-12-23 06:17:50', '2025-12-23 06:17:50')
 ON CONFLICT (id) DO UPDATE SET 
  email = EXCLUDED.email,
  updated_at = EXCLUDED.updated_at;


INSERT INTO profiles (id, user_id, first_name, last_name, full_name, phone, created_at, updated_at) VALUES
  ('fb664885-f107-4b8d-bf56-b3a08ba331b1', 'fb664885-f107-4b8d-bf56-b3a08ba331b1', 'Esmeralda', 'Sánchez', 'Esmeralda Sánchez', NULL, '2025-12-23 06:17:50', '2025-12-23 06:17:50')
 ON CONFLICT (id) DO UPDATE SET 
  first_name = EXCLUDED.first_name,
  last_name = EXCLUDED.last_name,
  full_name = EXCLUDED.full_name,
  phone = EXCLUDED.phone,
  updated_at = EXCLUDED.updated_at;


-- Usuario: mariab.jhon@gmail.com
INSERT INTO users (id, email, password_hash, email_verified, email_verified_at, is_active, created_at, updated_at) VALUES
  ('c34ee6d6-7f39-413f-b881-c68728e04545', 'mariab.jhon@gmail.com', '$2y$10$TEMPORARY.PASSWORD.MUST.BE.CHANGED', FALSE, NULL, TRUE, '2025-12-23 16:48:43', '2025-12-23 17:39:06')
 ON CONFLICT (id) DO UPDATE SET 
  email = EXCLUDED.email,
  updated_at = EXCLUDED.updated_at;


INSERT INTO profiles (id, user_id, first_name, last_name, full_name, phone, created_at, updated_at) VALUES
  ('c34ee6d6-7f39-413f-b881-c68728e04545', 'c34ee6d6-7f39-413f-b881-c68728e04545', 'María Belén', 'Jhon Raffo', 'María Belén Jhon Raffo', NULL, '2025-12-23 16:48:43', '2025-12-23 17:39:06')
 ON CONFLICT (id) DO UPDATE SET 
  first_name = EXCLUDED.first_name,
  last_name = EXCLUDED.last_name,
  full_name = EXCLUDED.full_name,
  phone = EXCLUDED.phone,
  updated_at = EXCLUDED.updated_at;


-- Usuario: u20211f059@gmail.com
INSERT INTO users (id, email, password_hash, email_verified, email_verified_at, is_active, created_at, updated_at) VALUES
  ('dba49a32-aecf-4548-b982-75b79934b76c', 'u20211f059@gmail.com', '$2y$10$TEMPORARY.PASSWORD.MUST.BE.CHANGED', FALSE, NULL, TRUE, '2025-12-23 17:23:34', '2025-12-23 17:39:06')
 ON CONFLICT (id) DO UPDATE SET 
  email = EXCLUDED.email,
  updated_at = EXCLUDED.updated_at;


INSERT INTO profiles (id, user_id, first_name, last_name, full_name, phone, created_at, updated_at) VALUES
  ('dba49a32-aecf-4548-b982-75b79934b76c', 'dba49a32-aecf-4548-b982-75b79934b76c', 'Arlette', 'Barrantes', 'Arlette Eleanor Fátima Barrantes Oporto', NULL, '2025-12-23 17:23:34', '2025-12-23 17:39:06')
 ON CONFLICT (id) DO UPDATE SET 
  first_name = EXCLUDED.first_name,
  last_name = EXCLUDED.last_name,
  full_name = EXCLUDED.full_name,
  phone = EXCLUDED.phone,
  updated_at = EXCLUDED.updated_at;


-- Usuario: agsofiavaleria1@gmail.com
INSERT INTO users (id, email, password_hash, email_verified, email_verified_at, is_active, created_at, updated_at) VALUES
  ('9f39e792-3bd8-410c-aa40-dfa9cbc9b33b', 'agsofiavaleria1@gmail.com', '$2y$10$TEMPORARY.PASSWORD.MUST.BE.CHANGED', FALSE, NULL, TRUE, '2025-12-23 17:24:19', '2025-12-23 17:39:06')
 ON CONFLICT (id) DO UPDATE SET 
  email = EXCLUDED.email,
  updated_at = EXCLUDED.updated_at;


INSERT INTO profiles (id, user_id, first_name, last_name, full_name, phone, created_at, updated_at) VALUES
  ('9f39e792-3bd8-410c-aa40-dfa9cbc9b33b', '9f39e792-3bd8-410c-aa40-dfa9cbc9b33b', 'Sofía', 'Aranda', 'Sofia Valeria Aranda Galvez', NULL, '2025-12-23 17:24:19', '2025-12-23 17:39:06')
 ON CONFLICT (id) DO UPDATE SET 
  first_name = EXCLUDED.first_name,
  last_name = EXCLUDED.last_name,
  full_name = EXCLUDED.full_name,
  phone = EXCLUDED.phone,
  updated_at = EXCLUDED.updated_at;


-- Usuario: luisalbertolopezj@gmail.com
INSERT INTO users (id, email, password_hash, email_verified, email_verified_at, is_active, created_at, updated_at) VALUES
  ('073f4dc3-1b6f-4c33-bf86-25766b672c91', 'luisalbertolopezj@gmail.com', '$2y$10$TEMPORARY.PASSWORD.MUST.BE.CHANGED', FALSE, NULL, TRUE, '2026-01-02 18:25:55', '2026-01-02 18:34:50')
 ON CONFLICT (id) DO UPDATE SET 
  email = EXCLUDED.email,
  updated_at = EXCLUDED.updated_at;


INSERT INTO profiles (id, user_id, first_name, last_name, full_name, phone, created_at, updated_at) VALUES
  ('073f4dc3-1b6f-4c33-bf86-25766b672c91', '073f4dc3-1b6f-4c33-bf86-25766b672c91', 'Luis Alberto', 'López Julca', 'Luis Alberto López Julca', NULL, '2026-01-02 18:25:55', '2026-01-02 18:34:50')
 ON CONFLICT (id) DO UPDATE SET 
  first_name = EXCLUDED.first_name,
  last_name = EXCLUDED.last_name,
  full_name = EXCLUDED.full_name,
  phone = EXCLUDED.phone,
  updated_at = EXCLUDED.updated_at;


-- Usuario: adriana.sanmiguel.marin@gmail.com
INSERT INTO users (id, email, password_hash, email_verified, email_verified_at, is_active, created_at, updated_at) VALUES
  ('c87768a1-463f-4589-aad4-a87c9291db22', 'adriana.sanmiguel.marin@gmail.com', '$2y$10$TEMPORARY.PASSWORD.MUST.BE.CHANGED', FALSE, NULL, TRUE, '2025-12-23 17:26:41', '2025-12-23 17:39:06')
 ON CONFLICT (id) DO UPDATE SET 
  email = EXCLUDED.email,
  updated_at = EXCLUDED.updated_at;


INSERT INTO profiles (id, user_id, first_name, last_name, full_name, phone, created_at, updated_at) VALUES
  ('c87768a1-463f-4589-aad4-a87c9291db22', 'c87768a1-463f-4589-aad4-a87c9291db22', 'Adriana', 'San Miguel', 'Adriana Alessandra San Miguel Marin', NULL, '2025-12-23 17:26:41', '2025-12-23 17:39:06')
 ON CONFLICT (id) DO UPDATE SET 
  first_name = EXCLUDED.first_name,
  last_name = EXCLUDED.last_name,
  full_name = EXCLUDED.full_name,
  phone = EXCLUDED.phone,
  updated_at = EXCLUDED.updated_at;


-- Usuario: yessenia_cordovabenites@outlook.es
INSERT INTO users (id, email, password_hash, email_verified, email_verified_at, is_active, created_at, updated_at) VALUES
  ('a907db65-a506-49c5-8238-a82472bae0ba', 'yessenia_cordovabenites@outlook.es', '$2y$10$TEMPORARY.PASSWORD.MUST.BE.CHANGED', FALSE, NULL, TRUE, '2025-12-23 17:28:12', '2025-12-23 17:39:06')
 ON CONFLICT (id) DO UPDATE SET 
  email = EXCLUDED.email,
  updated_at = EXCLUDED.updated_at;


INSERT INTO profiles (id, user_id, first_name, last_name, full_name, phone, created_at, updated_at) VALUES
  ('a907db65-a506-49c5-8238-a82472bae0ba', 'a907db65-a506-49c5-8238-a82472bae0ba', 'Yesenia', 'Córdova', 'Yessenia Cordova Benites', NULL, '2025-12-23 17:28:12', '2025-12-23 17:39:06')
 ON CONFLICT (id) DO UPDATE SET 
  first_name = EXCLUDED.first_name,
  last_name = EXCLUDED.last_name,
  full_name = EXCLUDED.full_name,
  phone = EXCLUDED.phone,
  updated_at = EXCLUDED.updated_at;


-- Usuario: mariaalejandramv2003@gmail.com
INSERT INTO users (id, email, password_hash, email_verified, email_verified_at, is_active, created_at, updated_at) VALUES
  ('ddd66fa5-a438-4868-ae3d-a40aea3b4154', 'mariaalejandramv2003@gmail.com', '$2y$10$TEMPORARY.PASSWORD.MUST.BE.CHANGED', FALSE, NULL, TRUE, '2025-12-23 17:31:11', '2025-12-23 17:39:06')
 ON CONFLICT (id) DO UPDATE SET 
  email = EXCLUDED.email,
  updated_at = EXCLUDED.updated_at;


INSERT INTO profiles (id, user_id, first_name, last_name, full_name, phone, created_at, updated_at) VALUES
  ('ddd66fa5-a438-4868-ae3d-a40aea3b4154', 'ddd66fa5-a438-4868-ae3d-a40aea3b4154', 'María Alejandra', 'Mendoza', 'María Alejandra Mendoza', NULL, '2025-12-23 17:31:11', '2025-12-23 17:39:06')
 ON CONFLICT (id) DO UPDATE SET 
  first_name = EXCLUDED.first_name,
  last_name = EXCLUDED.last_name,
  full_name = EXCLUDED.full_name,
  phone = EXCLUDED.phone,
  updated_at = EXCLUDED.updated_at;


-- Usuario: xime2297@gmail.com
INSERT INTO users (id, email, password_hash, email_verified, email_verified_at, is_active, created_at, updated_at) VALUES
  ('b01a16a6-b384-4721-81bc-28f10c1e0ab7', 'xime2297@gmail.com', '$2y$10$TEMPORARY.PASSWORD.MUST.BE.CHANGED', FALSE, NULL, TRUE, '2025-12-23 17:31:33', '2025-12-23 17:39:06')
 ON CONFLICT (id) DO UPDATE SET 
  email = EXCLUDED.email,
  updated_at = EXCLUDED.updated_at;


INSERT INTO profiles (id, user_id, first_name, last_name, full_name, phone, created_at, updated_at) VALUES
  ('b01a16a6-b384-4721-81bc-28f10c1e0ab7', 'b01a16a6-b384-4721-81bc-28f10c1e0ab7', 'Ximena', 'Palacios', 'Ximena Palacios', NULL, '2025-12-23 17:31:33', '2025-12-23 17:39:06')
 ON CONFLICT (id) DO UPDATE SET 
  first_name = EXCLUDED.first_name,
  last_name = EXCLUDED.last_name,
  full_name = EXCLUDED.full_name,
  phone = EXCLUDED.phone,
  updated_at = EXCLUDED.updated_at;


-- Usuario: ana.paco@upch.pe
INSERT INTO users (id, email, password_hash, email_verified, email_verified_at, is_active, created_at, updated_at) VALUES
  ('56d372fc-b8de-4746-ab9c-cdbf84ee8fe2', 'ana.paco@upch.pe', '$2y$10$TEMPORARY.PASSWORD.MUST.BE.CHANGED', FALSE, NULL, TRUE, '2025-12-23 17:25:13', '2025-12-23 17:44:28')
 ON CONFLICT (id) DO UPDATE SET 
  email = EXCLUDED.email,
  updated_at = EXCLUDED.updated_at;


INSERT INTO profiles (id, user_id, first_name, last_name, full_name, phone, created_at, updated_at) VALUES
  ('56d372fc-b8de-4746-ab9c-cdbf84ee8fe2', '56d372fc-b8de-4746-ab9c-cdbf84ee8fe2', 'Ana', 'Paco', 'Ana Cristina Paco Callapiña', NULL, '2025-12-23 17:25:13', '2025-12-23 17:44:28')
 ON CONFLICT (id) DO UPDATE SET 
  first_name = EXCLUDED.first_name,
  last_name = EXCLUDED.last_name,
  full_name = EXCLUDED.full_name,
  phone = EXCLUDED.phone,
  updated_at = EXCLUDED.updated_at;


-- Usuario: angelinavillazana6@gmail.com
INSERT INTO users (id, email, password_hash, email_verified, email_verified_at, is_active, created_at, updated_at) VALUES
  ('8b45fad2-0834-4f04-b180-dd3c570a9921', 'angelinavillazana6@gmail.com', '$2y$10$TEMPORARY.PASSWORD.MUST.BE.CHANGED', FALSE, NULL, TRUE, '2025-12-23 18:42:16', '2025-12-23 18:42:16')
 ON CONFLICT (id) DO UPDATE SET 
  email = EXCLUDED.email,
  updated_at = EXCLUDED.updated_at;


INSERT INTO profiles (id, user_id, first_name, last_name, full_name, phone, created_at, updated_at) VALUES
  ('8b45fad2-0834-4f04-b180-dd3c570a9921', '8b45fad2-0834-4f04-b180-dd3c570a9921', 'Suemy', 'Valencia', 'Suemy Valencia', NULL, '2025-12-23 18:42:16', '2025-12-23 18:42:16')
 ON CONFLICT (id) DO UPDATE SET 
  first_name = EXCLUDED.first_name,
  last_name = EXCLUDED.last_name,
  full_name = EXCLUDED.full_name,
  phone = EXCLUDED.phone,
  updated_at = EXCLUDED.updated_at;


-- Usuario: ninaguillen03@gmail.com
INSERT INTO users (id, email, password_hash, email_verified, email_verified_at, is_active, created_at, updated_at) VALUES
  ('a936313c-c911-4cc8-a7b3-412cbdb342fb', 'ninaguillen03@gmail.com', '$2y$10$TEMPORARY.PASSWORD.MUST.BE.CHANGED', FALSE, NULL, TRUE, '2025-12-23 19:22:31', '2025-12-23 19:22:31')
 ON CONFLICT (id) DO UPDATE SET 
  email = EXCLUDED.email,
  updated_at = EXCLUDED.updated_at;


INSERT INTO profiles (id, user_id, first_name, last_name, full_name, phone, created_at, updated_at) VALUES
  ('a936313c-c911-4cc8-a7b3-412cbdb342fb', 'a936313c-c911-4cc8-a7b3-412cbdb342fb', 'Yanina', 'Guillen lapa', 'Yanina  Guillen lapa', NULL, '2025-12-23 19:22:31', '2025-12-23 19:22:31')
 ON CONFLICT (id) DO UPDATE SET 
  first_name = EXCLUDED.first_name,
  last_name = EXCLUDED.last_name,
  full_name = EXCLUDED.full_name,
  phone = EXCLUDED.phone,
  updated_at = EXCLUDED.updated_at;


-- Usuario: andres.1999.fx@gmail.com
INSERT INTO users (id, email, password_hash, email_verified, email_verified_at, is_active, created_at, updated_at) VALUES
  ('fe47e8b3-13ed-422a-b38b-746288f7ebc4', 'andres.1999.fx@gmail.com', '$2y$10$TEMPORARY.PASSWORD.MUST.BE.CHANGED', FALSE, NULL, TRUE, '2025-12-23 22:48:09', '2025-12-23 22:48:09')
 ON CONFLICT (id) DO UPDATE SET 
  email = EXCLUDED.email,
  updated_at = EXCLUDED.updated_at;


INSERT INTO profiles (id, user_id, first_name, last_name, full_name, phone, created_at, updated_at) VALUES
  ('fe47e8b3-13ed-422a-b38b-746288f7ebc4', 'fe47e8b3-13ed-422a-b38b-746288f7ebc4', 'Andres', 'Chaupis', 'Andres Chaupis', NULL, '2025-12-23 22:48:09', '2025-12-23 22:48:09')
 ON CONFLICT (id) DO UPDATE SET 
  first_name = EXCLUDED.first_name,
  last_name = EXCLUDED.last_name,
  full_name = EXCLUDED.full_name,
  phone = EXCLUDED.phone,
  updated_at = EXCLUDED.updated_at;


-- Usuario: rodrigotaipe25@gmail.com
INSERT INTO users (id, email, password_hash, email_verified, email_verified_at, is_active, created_at, updated_at) VALUES
  ('fc98980b-7621-4632-b1b1-9bbe31430353', 'rodrigotaipe25@gmail.com', '$2y$10$TEMPORARY.PASSWORD.MUST.BE.CHANGED', FALSE, NULL, TRUE, '2025-12-23 22:55:52', '2025-12-23 22:55:52')
 ON CONFLICT (id) DO UPDATE SET 
  email = EXCLUDED.email,
  updated_at = EXCLUDED.updated_at;


INSERT INTO profiles (id, user_id, first_name, last_name, full_name, phone, created_at, updated_at) VALUES
  ('fc98980b-7621-4632-b1b1-9bbe31430353', 'fc98980b-7621-4632-b1b1-9bbe31430353', 'Rodrigo', 'Taipe', 'Rodrigo Taipe', NULL, '2025-12-23 22:55:52', '2025-12-23 22:55:52')
 ON CONFLICT (id) DO UPDATE SET 
  first_name = EXCLUDED.first_name,
  last_name = EXCLUDED.last_name,
  full_name = EXCLUDED.full_name,
  phone = EXCLUDED.phone,
  updated_at = EXCLUDED.updated_at;


-- Usuario: vromero.espinoza2004@gmail.com
INSERT INTO users (id, email, password_hash, email_verified, email_verified_at, is_active, created_at, updated_at) VALUES
  ('96864caa-5e12-46bc-b250-f53ddfb08f26', 'vromero.espinoza2004@gmail.com', '$2y$10$TEMPORARY.PASSWORD.MUST.BE.CHANGED', FALSE, NULL, TRUE, '2025-12-24 01:41:46', '2025-12-24 01:41:46')
 ON CONFLICT (id) DO UPDATE SET 
  email = EXCLUDED.email,
  updated_at = EXCLUDED.updated_at;


INSERT INTO profiles (id, user_id, first_name, last_name, full_name, phone, created_at, updated_at) VALUES
  ('96864caa-5e12-46bc-b250-f53ddfb08f26', '96864caa-5e12-46bc-b250-f53ddfb08f26', 'Vicente Ignacio', 'Romero Espinoza', 'Vicente Ignacio Romero Espinoza', NULL, '2025-12-24 01:41:46', '2025-12-24 01:41:46')
 ON CONFLICT (id) DO UPDATE SET 
  first_name = EXCLUDED.first_name,
  last_name = EXCLUDED.last_name,
  full_name = EXCLUDED.full_name,
  phone = EXCLUDED.phone,
  updated_at = EXCLUDED.updated_at;


-- Usuario: danielaaalopez29@gmail.com
INSERT INTO users (id, email, password_hash, email_verified, email_verified_at, is_active, created_at, updated_at) VALUES
  ('829df457-679c-4d2f-a40b-f98a8a36669d', 'danielaaalopez29@gmail.com', '$2y$10$TEMPORARY.PASSWORD.MUST.BE.CHANGED', FALSE, NULL, TRUE, '2025-12-24 03:11:53', '2025-12-24 03:11:53')
 ON CONFLICT (id) DO UPDATE SET 
  email = EXCLUDED.email,
  updated_at = EXCLUDED.updated_at;


INSERT INTO profiles (id, user_id, first_name, last_name, full_name, phone, created_at, updated_at) VALUES
  ('829df457-679c-4d2f-a40b-f98a8a36669d', '829df457-679c-4d2f-a40b-f98a8a36669d', 'Daniela', 'López', 'Daniela López', NULL, '2025-12-24 03:11:53', '2025-12-24 03:11:53')
 ON CONFLICT (id) DO UPDATE SET 
  first_name = EXCLUDED.first_name,
  last_name = EXCLUDED.last_name,
  full_name = EXCLUDED.full_name,
  phone = EXCLUDED.phone,
  updated_at = EXCLUDED.updated_at;


-- Usuario: pepegrillo@gmail.com
INSERT INTO users (id, email, password_hash, email_verified, email_verified_at, is_active, created_at, updated_at) VALUES
  ('80e181b9-463d-4b53-8377-ccaeeda9abec', 'pepegrillo@gmail.com', '$2y$10$TEMPORARY.PASSWORD.MUST.BE.CHANGED', FALSE, NULL, TRUE, '2025-12-25 13:11:10', '2025-12-25 13:11:10')
 ON CONFLICT (id) DO UPDATE SET 
  email = EXCLUDED.email,
  updated_at = EXCLUDED.updated_at;


INSERT INTO profiles (id, user_id, first_name, last_name, full_name, phone, created_at, updated_at) VALUES
  ('80e181b9-463d-4b53-8377-ccaeeda9abec', '80e181b9-463d-4b53-8377-ccaeeda9abec', 'pepe', 'Grillo', 'pepe Grillo', NULL, '2025-12-25 13:11:10', '2025-12-25 13:11:10')
 ON CONFLICT (id) DO UPDATE SET 
  first_name = EXCLUDED.first_name,
  last_name = EXCLUDED.last_name,
  full_name = EXCLUDED.full_name,
  phone = EXCLUDED.phone,
  updated_at = EXCLUDED.updated_at;


-- Usuario: luigui.h2002@gmail.com
INSERT INTO users (id, email, password_hash, email_verified, email_verified_at, is_active, created_at, updated_at) VALUES
  ('398974ea-ef87-472c-a79b-1d9cc8894e05', 'luigui.h2002@gmail.com', '$2y$10$TEMPORARY.PASSWORD.MUST.BE.CHANGED', FALSE, NULL, TRUE, '2025-12-25 21:30:56', '2025-12-25 21:30:56')
 ON CONFLICT (id) DO UPDATE SET 
  email = EXCLUDED.email,
  updated_at = EXCLUDED.updated_at;


INSERT INTO profiles (id, user_id, first_name, last_name, full_name, phone, created_at, updated_at) VALUES
  ('398974ea-ef87-472c-a79b-1d9cc8894e05', '398974ea-ef87-472c-a79b-1d9cc8894e05', 'Luigui Alberto', 'Sánchez Soca', 'Luigui Alberto Sánchez Soca', NULL, '2025-12-25 21:30:56', '2025-12-25 21:30:56')
 ON CONFLICT (id) DO UPDATE SET 
  first_name = EXCLUDED.first_name,
  last_name = EXCLUDED.last_name,
  full_name = EXCLUDED.full_name,
  phone = EXCLUDED.phone,
  updated_at = EXCLUDED.updated_at;


-- Usuario: marjuarezzz.06@gmail.com
INSERT INTO users (id, email, password_hash, email_verified, email_verified_at, is_active, created_at, updated_at) VALUES
  ('daa78400-8291-4c41-8dd6-a12f74783c75', 'marjuarezzz.06@gmail.com', '$2y$10$TEMPORARY.PASSWORD.MUST.BE.CHANGED', FALSE, NULL, TRUE, '2025-12-25 23:32:35', '2025-12-25 23:32:35')
 ON CONFLICT (id) DO UPDATE SET 
  email = EXCLUDED.email,
  updated_at = EXCLUDED.updated_at;


INSERT INTO profiles (id, user_id, first_name, last_name, full_name, phone, created_at, updated_at) VALUES
  ('daa78400-8291-4c41-8dd6-a12f74783c75', 'daa78400-8291-4c41-8dd6-a12f74783c75', 'Mariana', 'Juárez', 'Mariana  Juárez', NULL, '2025-12-25 23:32:35', '2025-12-25 23:32:35')
 ON CONFLICT (id) DO UPDATE SET 
  first_name = EXCLUDED.first_name,
  last_name = EXCLUDED.last_name,
  full_name = EXCLUDED.full_name,
  phone = EXCLUDED.phone,
  updated_at = EXCLUDED.updated_at;


-- Usuario: shaneryduran@gmail.com
INSERT INTO users (id, email, password_hash, email_verified, email_verified_at, is_active, created_at, updated_at) VALUES
  ('a812d1ea-db97-4f96-bc6a-9a49993d13f5', 'shaneryduran@gmail.com', '$2y$10$TEMPORARY.PASSWORD.MUST.BE.CHANGED', FALSE, NULL, TRUE, '2025-12-26 02:22:22', '2025-12-26 02:22:22')
 ON CONFLICT (id) DO UPDATE SET 
  email = EXCLUDED.email,
  updated_at = EXCLUDED.updated_at;


INSERT INTO profiles (id, user_id, first_name, last_name, full_name, phone, created_at, updated_at) VALUES
  ('a812d1ea-db97-4f96-bc6a-9a49993d13f5', 'a812d1ea-db97-4f96-bc6a-9a49993d13f5', 'Margareth', 'Duran', 'Margareth Duran', NULL, '2025-12-26 02:22:22', '2025-12-26 02:22:22')
 ON CONFLICT (id) DO UPDATE SET 
  first_name = EXCLUDED.first_name,
  last_name = EXCLUDED.last_name,
  full_name = EXCLUDED.full_name,
  phone = EXCLUDED.phone,
  updated_at = EXCLUDED.updated_at;


-- Usuario: rscortez06@gmail.com
INSERT INTO users (id, email, password_hash, email_verified, email_verified_at, is_active, created_at, updated_at) VALUES
  ('b51f1050-1a9e-4b05-898f-1c53a40ffef1', 'rscortez06@gmail.com', '$2y$10$TEMPORARY.PASSWORD.MUST.BE.CHANGED', FALSE, NULL, TRUE, '2025-12-27 02:02:10', '2025-12-27 02:02:10')
 ON CONFLICT (id) DO UPDATE SET 
  email = EXCLUDED.email,
  updated_at = EXCLUDED.updated_at;


INSERT INTO profiles (id, user_id, first_name, last_name, full_name, phone, created_at, updated_at) VALUES
  ('b51f1050-1a9e-4b05-898f-1c53a40ffef1', 'b51f1050-1a9e-4b05-898f-1c53a40ffef1', NULL, NULL, 'Rodrigo Sánchez Cortez', NULL, '2025-12-27 02:02:10', '2025-12-27 02:02:10')
 ON CONFLICT (id) DO UPDATE SET 
  first_name = EXCLUDED.first_name,
  last_name = EXCLUDED.last_name,
  full_name = EXCLUDED.full_name,
  phone = EXCLUDED.phone,
  updated_at = EXCLUDED.updated_at;


-- Usuario: 20246670@aloe.ulima.edu.pe
INSERT INTO users (id, email, password_hash, email_verified, email_verified_at, is_active, created_at, updated_at) VALUES
  ('f8dd521e-df31-473a-9b8d-4714afc7cc34', '20246670@aloe.ulima.edu.pe', '$2y$10$TEMPORARY.PASSWORD.MUST.BE.CHANGED', FALSE, NULL, TRUE, '2025-12-27 18:00:20', '2025-12-27 18:00:20')
 ON CONFLICT (id) DO UPDATE SET 
  email = EXCLUDED.email,
  updated_at = EXCLUDED.updated_at;


INSERT INTO profiles (id, user_id, first_name, last_name, full_name, phone, created_at, updated_at) VALUES
  ('f8dd521e-df31-473a-9b8d-4714afc7cc34', 'f8dd521e-df31-473a-9b8d-4714afc7cc34', NULL, NULL, 'Sergio Gabriel Beltran Castillo', NULL, '2025-12-27 18:00:20', '2025-12-27 18:00:20')
 ON CONFLICT (id) DO UPDATE SET 
  first_name = EXCLUDED.first_name,
  last_name = EXCLUDED.last_name,
  full_name = EXCLUDED.full_name,
  phone = EXCLUDED.phone,
  updated_at = EXCLUDED.updated_at;


-- Usuario: davidladosramirez@gmail.com
INSERT INTO users (id, email, password_hash, email_verified, email_verified_at, is_active, created_at, updated_at) VALUES
  ('4634010b-adbb-492c-8336-7815e7f63440', 'davidladosramirez@gmail.com', '$2y$10$TEMPORARY.PASSWORD.MUST.BE.CHANGED', FALSE, NULL, TRUE, '2025-12-28 00:32:43', '2025-12-28 00:32:43')
 ON CONFLICT (id) DO UPDATE SET 
  email = EXCLUDED.email,
  updated_at = EXCLUDED.updated_at;


INSERT INTO profiles (id, user_id, first_name, last_name, full_name, phone, created_at, updated_at) VALUES
  ('4634010b-adbb-492c-8336-7815e7f63440', '4634010b-adbb-492c-8336-7815e7f63440', NULL, NULL, 'David Lados Ramirez', NULL, '2025-12-28 00:32:43', '2025-12-28 00:32:43')
 ON CONFLICT (id) DO UPDATE SET 
  first_name = EXCLUDED.first_name,
  last_name = EXCLUDED.last_name,
  full_name = EXCLUDED.full_name,
  phone = EXCLUDED.phone,
  updated_at = EXCLUDED.updated_at;


-- Usuario: victorsebastiancuzcanom@gmail.com
INSERT INTO users (id, email, password_hash, email_verified, email_verified_at, is_active, created_at, updated_at) VALUES
  ('4a914a61-5b22-403a-8e8c-99abb2726dd3', 'victorsebastiancuzcanom@gmail.com', '$2y$10$TEMPORARY.PASSWORD.MUST.BE.CHANGED', FALSE, NULL, TRUE, '2025-12-28 05:08:52', '2025-12-28 05:08:52')
 ON CONFLICT (id) DO UPDATE SET 
  email = EXCLUDED.email,
  updated_at = EXCLUDED.updated_at;


INSERT INTO profiles (id, user_id, first_name, last_name, full_name, phone, created_at, updated_at) VALUES
  ('4a914a61-5b22-403a-8e8c-99abb2726dd3', '4a914a61-5b22-403a-8e8c-99abb2726dd3', NULL, NULL, 'Sebastian Cuzcano Manzanedo', NULL, '2025-12-28 05:08:52', '2025-12-28 05:08:52')
 ON CONFLICT (id) DO UPDATE SET 
  first_name = EXCLUDED.first_name,
  last_name = EXCLUDED.last_name,
  full_name = EXCLUDED.full_name,
  phone = EXCLUDED.phone,
  updated_at = EXCLUDED.updated_at;


-- Usuario: dai.elena26@gmail.com
INSERT INTO users (id, email, password_hash, email_verified, email_verified_at, is_active, created_at, updated_at) VALUES
  ('2f6e9d86-8e2e-45fe-9741-b9785c85d3d4', 'dai.elena26@gmail.com', '$2y$10$TEMPORARY.PASSWORD.MUST.BE.CHANGED', FALSE, NULL, TRUE, '2025-12-28 06:35:41', '2025-12-28 06:35:41')
 ON CONFLICT (id) DO UPDATE SET 
  email = EXCLUDED.email,
  updated_at = EXCLUDED.updated_at;


INSERT INTO profiles (id, user_id, first_name, last_name, full_name, phone, created_at, updated_at) VALUES
  ('2f6e9d86-8e2e-45fe-9741-b9785c85d3d4', '2f6e9d86-8e2e-45fe-9741-b9785c85d3d4', NULL, NULL, 'Daira Galarza', NULL, '2025-12-28 06:35:41', '2025-12-28 06:35:41')
 ON CONFLICT (id) DO UPDATE SET 
  first_name = EXCLUDED.first_name,
  last_name = EXCLUDED.last_name,
  full_name = EXCLUDED.full_name,
  phone = EXCLUDED.phone,
  updated_at = EXCLUDED.updated_at;


-- Usuario: cvalverdel2801@gmail.com
INSERT INTO users (id, email, password_hash, email_verified, email_verified_at, is_active, created_at, updated_at) VALUES
  ('5c52f1ff-42a1-4074-923c-90a165b5506e', 'cvalverdel2801@gmail.com', '$2y$10$TEMPORARY.PASSWORD.MUST.BE.CHANGED', FALSE, NULL, TRUE, '2025-12-29 02:36:21', '2025-12-29 02:36:21')
 ON CONFLICT (id) DO UPDATE SET 
  email = EXCLUDED.email,
  updated_at = EXCLUDED.updated_at;


INSERT INTO profiles (id, user_id, first_name, last_name, full_name, phone, created_at, updated_at) VALUES
  ('5c52f1ff-42a1-4074-923c-90a165b5506e', '5c52f1ff-42a1-4074-923c-90a165b5506e', 'Camila', 'Valverde', 'Camila Valverde', NULL, '2025-12-29 02:36:21', '2025-12-29 02:36:21')
 ON CONFLICT (id) DO UPDATE SET 
  first_name = EXCLUDED.first_name,
  last_name = EXCLUDED.last_name,
  full_name = EXCLUDED.full_name,
  phone = EXCLUDED.phone,
  updated_at = EXCLUDED.updated_at;


-- Usuario: manuelvilcapomav@gmail.com
INSERT INTO users (id, email, password_hash, email_verified, email_verified_at, is_active, created_at, updated_at) VALUES
  ('5e476961-1a83-4562-a5b2-4a0b50941595', 'manuelvilcapomav@gmail.com', '$2y$10$TEMPORARY.PASSWORD.MUST.BE.CHANGED', FALSE, NULL, TRUE, '2025-12-29 03:21:23', '2025-12-29 03:21:23')
 ON CONFLICT (id) DO UPDATE SET 
  email = EXCLUDED.email,
  updated_at = EXCLUDED.updated_at;


INSERT INTO profiles (id, user_id, first_name, last_name, full_name, phone, created_at, updated_at) VALUES
  ('5e476961-1a83-4562-a5b2-4a0b50941595', '5e476961-1a83-4562-a5b2-4a0b50941595', NULL, NULL, 'Manuel Joel Vilcapoma Vilcañaupa', NULL, '2025-12-29 03:21:23', '2025-12-29 03:21:23')
 ON CONFLICT (id) DO UPDATE SET 
  first_name = EXCLUDED.first_name,
  last_name = EXCLUDED.last_name,
  full_name = EXCLUDED.full_name,
  phone = EXCLUDED.phone,
  updated_at = EXCLUDED.updated_at;


-- Usuario: andres.1999.ter@gmail.com
INSERT INTO users (id, email, password_hash, email_verified, email_verified_at, is_active, created_at, updated_at) VALUES
  ('ecb0457c-f45c-4302-8159-7382915083c3', 'andres.1999.ter@gmail.com', '$2y$10$TEMPORARY.PASSWORD.MUST.BE.CHANGED', FALSE, NULL, TRUE, '2025-12-30 20:58:08', '2025-12-30 20:58:08')
 ON CONFLICT (id) DO UPDATE SET 
  email = EXCLUDED.email,
  updated_at = EXCLUDED.updated_at;


INSERT INTO profiles (id, user_id, first_name, last_name, full_name, phone, created_at, updated_at) VALUES
  ('ecb0457c-f45c-4302-8159-7382915083c3', 'ecb0457c-f45c-4302-8159-7382915083c3', 'Andres', 'Chaupis', 'Andres Chaupis', NULL, '2025-12-30 20:58:08', '2025-12-30 20:58:08')
 ON CONFLICT (id) DO UPDATE SET 
  first_name = EXCLUDED.first_name,
  last_name = EXCLUDED.last_name,
  full_name = EXCLUDED.full_name,
  phone = EXCLUDED.phone,
  updated_at = EXCLUDED.updated_at;


-- Usuario: admin@gmail.com
INSERT INTO users (id, email, password_hash, email_verified, email_verified_at, is_active, created_at, updated_at) VALUES
  ('2c0879bf-2493-405b-b56a-31671830926f', 'admin@gmail.com', '$2y$10$TEMPORARY.PASSWORD.MUST.BE.CHANGED', FALSE, NULL, TRUE, '2025-12-31 23:35:12', '2025-12-31 23:35:12')
 ON CONFLICT (id) DO UPDATE SET 
  email = EXCLUDED.email,
  updated_at = EXCLUDED.updated_at;


INSERT INTO profiles (id, user_id, first_name, last_name, full_name, phone, created_at, updated_at) VALUES
  ('2c0879bf-2493-405b-b56a-31671830926f', '2c0879bf-2493-405b-b56a-31671830926f', 'prueba', 'admin', 'prueba admin', NULL, '2025-12-31 23:35:12', '2025-12-31 23:35:12')
 ON CONFLICT (id) DO UPDATE SET 
  first_name = EXCLUDED.first_name,
  last_name = EXCLUDED.last_name,
  full_name = EXCLUDED.full_name,
  phone = EXCLUDED.phone,
  updated_at = EXCLUDED.updated_at;


-- Usuario: tutupololo@gmail.com
INSERT INTO users (id, email, password_hash, email_verified, email_verified_at, is_active, created_at, updated_at) VALUES
  ('444504a7-822e-4afe-b249-884af195d50c', 'tutupololo@gmail.com', '$2y$10$TEMPORARY.PASSWORD.MUST.BE.CHANGED', FALSE, NULL, TRUE, '2025-12-25 23:36:55', '2026-01-03 17:21:45')
 ON CONFLICT (id) DO UPDATE SET 
  email = EXCLUDED.email,
  updated_at = EXCLUDED.updated_at;


INSERT INTO profiles (id, user_id, first_name, last_name, full_name, phone, created_at, updated_at) VALUES
  ('444504a7-822e-4afe-b249-884af195d50c', '444504a7-822e-4afe-b249-884af195d50c', NULL, NULL, 'Luigui A.', NULL, '2025-12-25 23:36:55', '2026-01-03 17:21:45')
 ON CONFLICT (id) DO UPDATE SET 
  first_name = EXCLUDED.first_name,
  last_name = EXCLUDED.last_name,
  full_name = EXCLUDED.full_name,
  phone = EXCLUDED.phone,
  updated_at = EXCLUDED.updated_at;


-- Usuario: andrearostegui1@gmail.com
INSERT INTO users (id, email, password_hash, email_verified, email_verified_at, is_active, created_at, updated_at) VALUES
  ('a300bacd-8517-43f2-a636-51e9b94e1111', 'andrearostegui1@gmail.com', '$2y$10$TEMPORARY.PASSWORD.MUST.BE.CHANGED', FALSE, NULL, TRUE, '2026-01-04 20:01:50', '2026-01-04 20:01:50')
 ON CONFLICT (id) DO UPDATE SET 
  email = EXCLUDED.email,
  updated_at = EXCLUDED.updated_at;


INSERT INTO profiles (id, user_id, first_name, last_name, full_name, phone, created_at, updated_at) VALUES
  ('a300bacd-8517-43f2-a636-51e9b94e1111', 'a300bacd-8517-43f2-a636-51e9b94e1111', 'Andrea', 'Arostegui Palomino', 'Andrea  Arostegui Palomino', NULL, '2026-01-04 20:01:50', '2026-01-04 20:01:50')
 ON CONFLICT (id) DO UPDATE SET 
  first_name = EXCLUDED.first_name,
  last_name = EXCLUDED.last_name,
  full_name = EXCLUDED.full_name,
  phone = EXCLUDED.phone,
  updated_at = EXCLUDED.updated_at;


-- Usuario: danazg79@gmail.com
INSERT INTO users (id, email, password_hash, email_verified, email_verified_at, is_active, created_at, updated_at) VALUES
  ('47472d97-3f57-444f-97f8-7f136099a4f2', 'danazg79@gmail.com', '$2y$10$TEMPORARY.PASSWORD.MUST.BE.CHANGED', FALSE, NULL, TRUE, '2026-01-04 21:27:05', '2026-01-04 21:27:05')
 ON CONFLICT (id) DO UPDATE SET 
  email = EXCLUDED.email,
  updated_at = EXCLUDED.updated_at;


INSERT INTO profiles (id, user_id, first_name, last_name, full_name, phone, created_at, updated_at) VALUES
  ('47472d97-3f57-444f-97f8-7f136099a4f2', '47472d97-3f57-444f-97f8-7f136099a4f2', NULL, NULL, 'Dana Zg', NULL, '2026-01-04 21:27:05', '2026-01-04 21:27:05')
 ON CONFLICT (id) DO UPDATE SET 
  first_name = EXCLUDED.first_name,
  last_name = EXCLUDED.last_name,
  full_name = EXCLUDED.full_name,
  phone = EXCLUDED.phone,
  updated_at = EXCLUDED.updated_at;


-- Usuario: marziozaidf@gmail.com
INSERT INTO users (id, email, password_hash, email_verified, email_verified_at, is_active, created_at, updated_at) VALUES
  ('793625d0-332a-43c7-b66a-954d5b9dfa00', 'marziozaidf@gmail.com', '$2y$10$TEMPORARY.PASSWORD.MUST.BE.CHANGED', FALSE, NULL, TRUE, '2026-01-05 03:15:42', '2026-01-05 03:15:42')
 ON CONFLICT (id) DO UPDATE SET 
  email = EXCLUDED.email,
  updated_at = EXCLUDED.updated_at;


INSERT INTO profiles (id, user_id, first_name, last_name, full_name, phone, created_at, updated_at) VALUES
  ('793625d0-332a-43c7-b66a-954d5b9dfa00', '793625d0-332a-43c7-b66a-954d5b9dfa00', NULL, NULL, 'Marzio Zaid Fernández Durán', NULL, '2026-01-05 03:15:42', '2026-01-05 03:15:42')
 ON CONFLICT (id) DO UPDATE SET 
  first_name = EXCLUDED.first_name,
  last_name = EXCLUDED.last_name,
  full_name = EXCLUDED.full_name,
  phone = EXCLUDED.phone,
  updated_at = EXCLUDED.updated_at;


-- Usuario: jessyyauri5@gmail.com
INSERT INTO users (id, email, password_hash, email_verified, email_verified_at, is_active, created_at, updated_at) VALUES
  ('b0423625-049a-450c-9cbe-0c5cf1beba94', 'jessyyauri5@gmail.com', '$2y$10$TEMPORARY.PASSWORD.MUST.BE.CHANGED', FALSE, NULL, TRUE, '2026-01-05 03:45:27', '2026-01-05 03:45:27')
 ON CONFLICT (id) DO UPDATE SET 
  email = EXCLUDED.email,
  updated_at = EXCLUDED.updated_at;


INSERT INTO profiles (id, user_id, first_name, last_name, full_name, phone, created_at, updated_at) VALUES
  ('b0423625-049a-450c-9cbe-0c5cf1beba94', 'b0423625-049a-450c-9cbe-0c5cf1beba94', NULL, NULL, 'Jessy Yauri', NULL, '2026-01-05 03:45:27', '2026-01-05 03:45:27')
 ON CONFLICT (id) DO UPDATE SET 
  first_name = EXCLUDED.first_name,
  last_name = EXCLUDED.last_name,
  full_name = EXCLUDED.full_name,
  phone = EXCLUDED.phone,
  updated_at = EXCLUDED.updated_at;


-- Usuario: nicolemayte222623@gmail.com
INSERT INTO users (id, email, password_hash, email_verified, email_verified_at, is_active, created_at, updated_at) VALUES
  ('8d5b829f-bc00-4fcc-94be-28f933df5e11', 'nicolemayte222623@gmail.com', '$2y$10$TEMPORARY.PASSWORD.MUST.BE.CHANGED', FALSE, NULL, TRUE, '2026-01-05 03:56:31', '2026-01-05 03:56:31')
 ON CONFLICT (id) DO UPDATE SET 
  email = EXCLUDED.email,
  updated_at = EXCLUDED.updated_at;


INSERT INTO profiles (id, user_id, first_name, last_name, full_name, phone, created_at, updated_at) VALUES
  ('8d5b829f-bc00-4fcc-94be-28f933df5e11', '8d5b829f-bc00-4fcc-94be-28f933df5e11', 'Mayte Nicole', 'Huamán Agüero', 'Mayte Nicole Huamán Agüero', NULL, '2026-01-05 03:56:31', '2026-01-05 03:56:31')
 ON CONFLICT (id) DO UPDATE SET 
  first_name = EXCLUDED.first_name,
  last_name = EXCLUDED.last_name,
  full_name = EXCLUDED.full_name,
  phone = EXCLUDED.phone,
  updated_at = EXCLUDED.updated_at;


-- Usuario: patriciaworrk@gmail.com
INSERT INTO users (id, email, password_hash, email_verified, email_verified_at, is_active, created_at, updated_at) VALUES
  ('6942b33f-36e3-4d7a-bb34-28253e75f568', 'patriciaworrk@gmail.com', '$2y$10$TEMPORARY.PASSWORD.MUST.BE.CHANGED', FALSE, NULL, TRUE, '2026-01-05 05:04:38', '2026-01-05 05:04:38')
 ON CONFLICT (id) DO UPDATE SET 
  email = EXCLUDED.email,
  updated_at = EXCLUDED.updated_at;


INSERT INTO profiles (id, user_id, first_name, last_name, full_name, phone, created_at, updated_at) VALUES
  ('6942b33f-36e3-4d7a-bb34-28253e75f568', '6942b33f-36e3-4d7a-bb34-28253e75f568', 'Patricia', 'Marcelo', 'Patricia Marcelo', NULL, '2026-01-05 05:04:38', '2026-01-05 05:04:38')
 ON CONFLICT (id) DO UPDATE SET 
  first_name = EXCLUDED.first_name,
  last_name = EXCLUDED.last_name,
  full_name = EXCLUDED.full_name,
  phone = EXCLUDED.phone,
  updated_at = EXCLUDED.updated_at;


-- Usuario: maxalexjavejimenez8@gmail.com
INSERT INTO users (id, email, password_hash, email_verified, email_verified_at, is_active, created_at, updated_at) VALUES
  ('a028e933-7863-43f2-94ce-113cf1defb3f', 'maxalexjavejimenez8@gmail.com', '$2y$10$TEMPORARY.PASSWORD.MUST.BE.CHANGED', FALSE, NULL, TRUE, '2026-01-05 17:39:16', '2026-01-05 17:39:16')
 ON CONFLICT (id) DO UPDATE SET 
  email = EXCLUDED.email,
  updated_at = EXCLUDED.updated_at;


INSERT INTO profiles (id, user_id, first_name, last_name, full_name, phone, created_at, updated_at) VALUES
  ('a028e933-7863-43f2-94ce-113cf1defb3f', 'a028e933-7863-43f2-94ce-113cf1defb3f', NULL, NULL, 'Max Alex Jave Jimenez', NULL, '2026-01-05 17:39:16', '2026-01-05 17:39:16')
 ON CONFLICT (id) DO UPDATE SET 
  first_name = EXCLUDED.first_name,
  last_name = EXCLUDED.last_name,
  full_name = EXCLUDED.full_name,
  phone = EXCLUDED.phone,
  updated_at = EXCLUDED.updated_at;


-- Usuario: samara220608@gmail.com
INSERT INTO users (id, email, password_hash, email_verified, email_verified_at, is_active, created_at, updated_at) VALUES
  ('a3df1613-28fe-4cad-a257-059b5dce8847', 'samara220608@gmail.com', '$2y$10$TEMPORARY.PASSWORD.MUST.BE.CHANGED', FALSE, NULL, TRUE, '2026-01-05 23:27:32', '2026-01-05 23:27:32')
 ON CONFLICT (id) DO UPDATE SET 
  email = EXCLUDED.email,
  updated_at = EXCLUDED.updated_at;


INSERT INTO profiles (id, user_id, first_name, last_name, full_name, phone, created_at, updated_at) VALUES
  ('a3df1613-28fe-4cad-a257-059b5dce8847', 'a3df1613-28fe-4cad-a257-059b5dce8847', 'Samara', 'Mendoza', 'Samara Mendoza', NULL, '2026-01-05 23:27:32', '2026-01-05 23:27:32')
 ON CONFLICT (id) DO UPDATE SET 
  first_name = EXCLUDED.first_name,
  last_name = EXCLUDED.last_name,
  full_name = EXCLUDED.full_name,
  phone = EXCLUDED.phone,
  updated_at = EXCLUDED.updated_at;


-- Usuario: agendadirectaa@gmail.com
INSERT INTO users (id, email, password_hash, email_verified, email_verified_at, is_active, created_at, updated_at) VALUES
  ('26301f6f-3b1d-44c2-b63a-bb2711c81677', 'agendadirectaa@gmail.com', '$2y$10$TEMPORARY.PASSWORD.MUST.BE.CHANGED', FALSE, NULL, TRUE, '2026-01-06 21:11:11', '2026-01-06 21:11:11')
 ON CONFLICT (id) DO UPDATE SET 
  email = EXCLUDED.email,
  updated_at = EXCLUDED.updated_at;


INSERT INTO profiles (id, user_id, first_name, last_name, full_name, phone, created_at, updated_at) VALUES
  ('26301f6f-3b1d-44c2-b63a-bb2711c81677', '26301f6f-3b1d-44c2-b63a-bb2711c81677', 'AGENDA', 'DIRECTA', 'AGENDA  DIRECTA', NULL, '2026-01-06 21:11:11', '2026-01-06 21:11:11')
 ON CONFLICT (id) DO UPDATE SET 
  first_name = EXCLUDED.first_name,
  last_name = EXCLUDED.last_name,
  full_name = EXCLUDED.full_name,
  phone = EXCLUDED.phone,
  updated_at = EXCLUDED.updated_at;


-- Usuario: agenda123@gmail.com
INSERT INTO users (id, email, password_hash, email_verified, email_verified_at, is_active, created_at, updated_at) VALUES
  ('a8bc4169-0730-40e3-875b-61b8c461bdae', 'agenda123@gmail.com', '$2y$10$TEMPORARY.PASSWORD.MUST.BE.CHANGED', FALSE, NULL, TRUE, '2026-01-07 00:15:31', '2026-01-07 00:15:31')
 ON CONFLICT (id) DO UPDATE SET 
  email = EXCLUDED.email,
  updated_at = EXCLUDED.updated_at;


INSERT INTO profiles (id, user_id, first_name, last_name, full_name, phone, created_at, updated_at) VALUES
  ('a8bc4169-0730-40e3-875b-61b8c461bdae', 'a8bc4169-0730-40e3-875b-61b8c461bdae', 'Agenda', 'Directa', 'Agenda  Directa', NULL, '2026-01-07 00:15:31', '2026-01-07 00:15:31')
 ON CONFLICT (id) DO UPDATE SET 
  first_name = EXCLUDED.first_name,
  last_name = EXCLUDED.last_name,
  full_name = EXCLUDED.full_name,
  phone = EXCLUDED.phone,
  updated_at = EXCLUDED.updated_at;


-- Usuario: maytenicole12345@gmail.com
INSERT INTO users (id, email, password_hash, email_verified, email_verified_at, is_active, created_at, updated_at) VALUES
  ('766878ff-292f-410b-9b26-2ddb5b88a8bb', 'maytenicole12345@gmail.com', '$2y$10$TEMPORARY.PASSWORD.MUST.BE.CHANGED', FALSE, NULL, TRUE, '2026-01-07 13:48:58', '2026-01-07 13:48:58')
 ON CONFLICT (id) DO UPDATE SET 
  email = EXCLUDED.email,
  updated_at = EXCLUDED.updated_at;


INSERT INTO profiles (id, user_id, first_name, last_name, full_name, phone, created_at, updated_at) VALUES
  ('766878ff-292f-410b-9b26-2ddb5b88a8bb', '766878ff-292f-410b-9b26-2ddb5b88a8bb', 'Mayte Nicole', 'Huaman Aguero', 'Mayte Nicole Huaman Aguero', NULL, '2026-01-07 13:48:58', '2026-01-07 13:48:58')
 ON CONFLICT (id) DO UPDATE SET 
  first_name = EXCLUDED.first_name,
  last_name = EXCLUDED.last_name,
  full_name = EXCLUDED.full_name,
  phone = EXCLUDED.phone,
  updated_at = EXCLUDED.updated_at;


-- Usuario: andres.chaupis@unmsm.edu.pe
INSERT INTO users (id, email, password_hash, email_verified, email_verified_at, is_active, created_at, updated_at) VALUES
  ('dc231c1c-59e5-4a8d-bd1f-83e253c9322c', 'andres.chaupis@unmsm.edu.pe', '$2y$10$TEMPORARY.PASSWORD.MUST.BE.CHANGED', FALSE, NULL, TRUE, '2026-01-08 01:42:48', '2026-01-08 01:42:48')
 ON CONFLICT (id) DO UPDATE SET 
  email = EXCLUDED.email,
  updated_at = EXCLUDED.updated_at;


INSERT INTO profiles (id, user_id, first_name, last_name, full_name, phone, created_at, updated_at) VALUES
  ('dc231c1c-59e5-4a8d-bd1f-83e253c9322c', 'dc231c1c-59e5-4a8d-bd1f-83e253c9322c', NULL, NULL, 'ANDRES MANUEL CHAUPIS MELLADO', NULL, '2026-01-08 01:42:48', '2026-01-08 01:42:48')
 ON CONFLICT (id) DO UPDATE SET 
  first_name = EXCLUDED.first_name,
  last_name = EXCLUDED.last_name,
  full_name = EXCLUDED.full_name,
  phone = EXCLUDED.phone,
  updated_at = EXCLUDED.updated_at;


-- Usuario: danazuloeta7@gmail.com
INSERT INTO users (id, email, password_hash, email_verified, email_verified_at, is_active, created_at, updated_at) VALUES
  ('97420bb4-8133-4dc3-aef8-33f1d602f3aa', 'danazuloeta7@gmail.com', '$2y$10$TEMPORARY.PASSWORD.MUST.BE.CHANGED', FALSE, NULL, TRUE, '2026-01-09 03:24:02', '2026-01-09 03:24:02')
 ON CONFLICT (id) DO UPDATE SET 
  email = EXCLUDED.email,
  updated_at = EXCLUDED.updated_at;


INSERT INTO profiles (id, user_id, first_name, last_name, full_name, phone, created_at, updated_at) VALUES
  ('97420bb4-8133-4dc3-aef8-33f1d602f3aa', '97420bb4-8133-4dc3-aef8-33f1d602f3aa', NULL, NULL, 'Dana Zuloeta', NULL, '2026-01-09 03:24:02', '2026-01-09 03:24:02')
 ON CONFLICT (id) DO UPDATE SET 
  first_name = EXCLUDED.first_name,
  last_name = EXCLUDED.last_name,
  full_name = EXCLUDED.full_name,
  phone = EXCLUDED.phone,
  updated_at = EXCLUDED.updated_at;


-- Usuario: flexerikon676@gmail.com
INSERT INTO users (id, email, password_hash, email_verified, email_verified_at, is_active, created_at, updated_at) VALUES
  ('7c5716d8-ad8e-48d6-ace2-f8a82afbb6e7', 'flexerikon676@gmail.com', '$2y$10$TEMPORARY.PASSWORD.MUST.BE.CHANGED', FALSE, NULL, TRUE, '2026-01-09 14:47:46', '2026-01-09 14:47:46')
 ON CONFLICT (id) DO UPDATE SET 
  email = EXCLUDED.email,
  updated_at = EXCLUDED.updated_at;


INSERT INTO profiles (id, user_id, first_name, last_name, full_name, phone, created_at, updated_at) VALUES
  ('7c5716d8-ad8e-48d6-ace2-f8a82afbb6e7', '7c5716d8-ad8e-48d6-ace2-f8a82afbb6e7', NULL, NULL, 'Sergio Beltrán', NULL, '2026-01-09 14:47:46', '2026-01-09 14:47:46')
 ON CONFLICT (id) DO UPDATE SET 
  first_name = EXCLUDED.first_name,
  last_name = EXCLUDED.last_name,
  full_name = EXCLUDED.full_name,
  phone = EXCLUDED.phone,
  updated_at = EXCLUDED.updated_at;


-- Usuario: psic.angelavildozo@gmail.com
INSERT INTO users (id, email, password_hash, email_verified, email_verified_at, is_active, created_at, updated_at) VALUES
  ('b34fa3d4-0fb4-42bb-a52a-d959acb04687', 'psic.angelavildozo@gmail.com', '$2y$10$TEMPORARY.PASSWORD.MUST.BE.CHANGED', FALSE, NULL, TRUE, '2026-01-09 22:43:10', '2026-01-09 22:43:10')
 ON CONFLICT (id) DO UPDATE SET 
  email = EXCLUDED.email,
  updated_at = EXCLUDED.updated_at;


INSERT INTO profiles (id, user_id, first_name, last_name, full_name, phone, created_at, updated_at) VALUES
  ('b34fa3d4-0fb4-42bb-a52a-d959acb04687', 'b34fa3d4-0fb4-42bb-a52a-d959acb04687', NULL, NULL, 'ANGELAVILDOZO PSICOLOGA', NULL, '2026-01-09 22:43:10', '2026-01-09 22:43:10')
 ON CONFLICT (id) DO UPDATE SET 
  first_name = EXCLUDED.first_name,
  last_name = EXCLUDED.last_name,
  full_name = EXCLUDED.full_name,
  phone = EXCLUDED.phone,
  updated_at = EXCLUDED.updated_at;


-- Usuario: bobapov119@imfaya.com
INSERT INTO users (id, email, password_hash, email_verified, email_verified_at, is_active, created_at, updated_at) VALUES
  ('5b68530a-adf5-4138-857b-205dde27c457', 'bobapov119@imfaya.com', '$2y$10$TEMPORARY.PASSWORD.MUST.BE.CHANGED', FALSE, NULL, TRUE, '2026-01-10 00:29:43', '2026-01-10 00:29:43')
 ON CONFLICT (id) DO UPDATE SET 
  email = EXCLUDED.email,
  updated_at = EXCLUDED.updated_at;


INSERT INTO profiles (id, user_id, first_name, last_name, full_name, phone, created_at, updated_at) VALUES
  ('5b68530a-adf5-4138-857b-205dde27c457', '5b68530a-adf5-4138-857b-205dde27c457', 'Cesar', 'Rios', 'Cesar Rios', NULL, '2026-01-10 00:29:43', '2026-01-10 00:29:43')
 ON CONFLICT (id) DO UPDATE SET 
  first_name = EXCLUDED.first_name,
  last_name = EXCLUDED.last_name,
  full_name = EXCLUDED.full_name,
  phone = EXCLUDED.phone,
  updated_at = EXCLUDED.updated_at;


-- Usuario: dw@gmail.com
INSERT INTO users (id, email, password_hash, email_verified, email_verified_at, is_active, created_at, updated_at) VALUES
  ('c156374b-5f77-48b0-a103-caf8d53c54ba', 'dw@gmail.com', '$2y$10$TEMPORARY.PASSWORD.MUST.BE.CHANGED', FALSE, NULL, TRUE, '2026-01-10 01:20:49', '2026-01-10 01:20:49')
 ON CONFLICT (id) DO UPDATE SET 
  email = EXCLUDED.email,
  updated_at = EXCLUDED.updated_at;


INSERT INTO profiles (id, user_id, first_name, last_name, full_name, phone, created_at, updated_at) VALUES
  ('c156374b-5f77-48b0-a103-caf8d53c54ba', 'c156374b-5f77-48b0-a103-caf8d53c54ba', 'dw', 'dw', 'dw dw', NULL, '2026-01-10 01:20:49', '2026-01-10 01:20:49')
 ON CONFLICT (id) DO UPDATE SET 
  first_name = EXCLUDED.first_name,
  last_name = EXCLUDED.last_name,
  full_name = EXCLUDED.full_name,
  phone = EXCLUDED.phone,
  updated_at = EXCLUDED.updated_at;


-- Usuario: eileenmora18@gmail.com
INSERT INTO users (id, email, password_hash, email_verified, email_verified_at, is_active, created_at, updated_at) VALUES
  ('a8ce1b49-9944-43cc-8499-509097fb5064', 'eileenmora18@gmail.com', '$2y$10$TEMPORARY.PASSWORD.MUST.BE.CHANGED', FALSE, NULL, TRUE, '2026-01-10 21:44:10', '2026-01-10 21:44:10')
 ON CONFLICT (id) DO UPDATE SET 
  email = EXCLUDED.email,
  updated_at = EXCLUDED.updated_at;


INSERT INTO profiles (id, user_id, first_name, last_name, full_name, phone, created_at, updated_at) VALUES
  ('a8ce1b49-9944-43cc-8499-509097fb5064', 'a8ce1b49-9944-43cc-8499-509097fb5064', NULL, NULL, 'Eileen “MrMrCouch” Mora', NULL, '2026-01-10 21:44:10', '2026-01-10 21:44:10')
 ON CONFLICT (id) DO UPDATE SET 
  first_name = EXCLUDED.first_name,
  last_name = EXCLUDED.last_name,
  full_name = EXCLUDED.full_name,
  phone = EXCLUDED.phone,
  updated_at = EXCLUDED.updated_at;


-- Usuario: amacias@ulima.edu.pe
INSERT INTO users (id, email, password_hash, email_verified, email_verified_at, is_active, created_at, updated_at) VALUES
  ('bdf6e082-ccd9-42bb-ac79-a3d4bdad27c9', 'amacias@ulima.edu.pe', '$2y$10$TEMPORARY.PASSWORD.MUST.BE.CHANGED', FALSE, NULL, TRUE, '2026-01-13 22:15:01', '2026-01-13 22:15:01')
 ON CONFLICT (id) DO UPDATE SET 
  email = EXCLUDED.email,
  updated_at = EXCLUDED.updated_at;


INSERT INTO profiles (id, user_id, first_name, last_name, full_name, phone, created_at, updated_at) VALUES
  ('bdf6e082-ccd9-42bb-ac79-a3d4bdad27c9', 'bdf6e082-ccd9-42bb-ac79-a3d4bdad27c9', 'Alvaro', 'Macías', 'Alvaro Macías', NULL, '2026-01-13 22:15:01', '2026-01-13 22:15:01')
 ON CONFLICT (id) DO UPDATE SET 
  first_name = EXCLUDED.first_name,
  last_name = EXCLUDED.last_name,
  full_name = EXCLUDED.full_name,
  phone = EXCLUDED.phone,
  updated_at = EXCLUDED.updated_at;


-- Usuario: alejandracachay59@gmail.com
INSERT INTO users (id, email, password_hash, email_verified, email_verified_at, is_active, created_at, updated_at) VALUES
  ('494e9975-92f0-4dbd-8fc4-f71e1f84ff3a', 'alejandracachay59@gmail.com', '$2y$10$TEMPORARY.PASSWORD.MUST.BE.CHANGED', FALSE, NULL, TRUE, '2026-01-13 22:30:21', '2026-01-13 22:30:21')
 ON CONFLICT (id) DO UPDATE SET 
  email = EXCLUDED.email,
  updated_at = EXCLUDED.updated_at;


INSERT INTO profiles (id, user_id, first_name, last_name, full_name, phone, created_at, updated_at) VALUES
  ('494e9975-92f0-4dbd-8fc4-f71e1f84ff3a', '494e9975-92f0-4dbd-8fc4-f71e1f84ff3a', 'Alejandra', 'Cachay', 'Alejandra Cachay', NULL, '2026-01-13 22:30:21', '2026-01-13 22:30:21')
 ON CONFLICT (id) DO UPDATE SET 
  first_name = EXCLUDED.first_name,
  last_name = EXCLUDED.last_name,
  full_name = EXCLUDED.full_name,
  phone = EXCLUDED.phone,
  updated_at = EXCLUDED.updated_at;


-- ============================================================================
-- 2. ASIGNACIÓN DE ROLES A USUARIOS
-- ============================================================================

INSERT INTO user_roles (id, user_id, role_id, created_at) VALUES
  ('8b6db79a-d16b-487e-817a-da521fd48985', 'c595db4e-2488-4815-8a8c-18f86b243c93', 1, '2025-12-22 23:55:51')
 ON CONFLICT (user_id, role_id) DO UPDATE SET 
  role_id = EXCLUDED.role_id;


INSERT INTO user_roles (id, user_id, role_id, created_at) VALUES
  ('03aa01b4-c251-4740-8c54-e24b6de411f5', 'e30f5ef3-0b6c-4f80-bf45-76081352c34e', 1, '2025-12-23 05:45:23')
 ON CONFLICT (user_id, role_id) DO UPDATE SET 
  role_id = EXCLUDED.role_id;


INSERT INTO user_roles (id, user_id, role_id, created_at) VALUES
  ('5a3d34ad-786a-40a7-b242-6729b20e9ae9', 'fb664885-f107-4b8d-bf56-b3a08ba331b1', 2, '2025-12-23 06:19:18')
 ON CONFLICT (user_id, role_id) DO UPDATE SET 
  role_id = EXCLUDED.role_id;


INSERT INTO user_roles (id, user_id, role_id, created_at) VALUES
  ('1d4c1a58-06e7-4b4b-b4d2-f6bbb81a89f4', 'c34ee6d6-7f39-413f-b881-c68728e04545', 2, '2025-12-23 16:51:45')
 ON CONFLICT (user_id, role_id) DO UPDATE SET 
  role_id = EXCLUDED.role_id;


INSERT INTO user_roles (id, user_id, role_id, created_at) VALUES
  ('34aac743-58d7-4067-bb03-a5ad7fe8a32c', 'dba49a32-aecf-4548-b982-75b79934b76c', 2, '2025-12-23 17:39:32')
 ON CONFLICT (user_id, role_id) DO UPDATE SET 
  role_id = EXCLUDED.role_id;


INSERT INTO user_roles (id, user_id, role_id, created_at) VALUES
  ('36253525-8fca-4892-8cb5-74ab27b2e6db', '9f39e792-3bd8-410c-aa40-dfa9cbc9b33b', 2, '2025-12-23 17:39:32')
 ON CONFLICT (user_id, role_id) DO UPDATE SET 
  role_id = EXCLUDED.role_id;


INSERT INTO user_roles (id, user_id, role_id, created_at) VALUES
  ('955aafc7-e581-4fec-9f05-88420a132564', 'f3e28ca8-9a15-454d-be5c-c166649fdba1', 2, '2025-12-23 17:39:32')
 ON CONFLICT (user_id, role_id) DO UPDATE SET 
  role_id = EXCLUDED.role_id;


INSERT INTO user_roles (id, user_id, role_id, created_at) VALUES
  ('098482f9-c479-428c-8b37-94c7e1d09c4f', 'c87768a1-463f-4589-aad4-a87c9291db22', 2, '2025-12-23 17:39:32')
 ON CONFLICT (user_id, role_id) DO UPDATE SET 
  role_id = EXCLUDED.role_id;


INSERT INTO user_roles (id, user_id, role_id, created_at) VALUES
  ('c2197f2d-3479-42b5-87c4-aea000c19746', 'a907db65-a506-49c5-8238-a82472bae0ba', 2, '2025-12-23 17:39:32')
 ON CONFLICT (user_id, role_id) DO UPDATE SET 
  role_id = EXCLUDED.role_id;


INSERT INTO user_roles (id, user_id, role_id, created_at) VALUES
  ('db3716b5-61ad-44f5-96ec-e73f42647a6d', 'ddd66fa5-a438-4868-ae3d-a40aea3b4154', 2, '2025-12-23 17:39:32')
 ON CONFLICT (user_id, role_id) DO UPDATE SET 
  role_id = EXCLUDED.role_id;


INSERT INTO user_roles (id, user_id, role_id, created_at) VALUES
  ('1d5fe3e4-0e51-4eda-90e4-75fe6940503d', 'b01a16a6-b384-4721-81bc-28f10c1e0ab7', 2, '2025-12-23 17:39:32')
 ON CONFLICT (user_id, role_id) DO UPDATE SET 
  role_id = EXCLUDED.role_id;


INSERT INTO user_roles (id, user_id, role_id, created_at) VALUES
  ('8c129606-f3ac-4dbc-921d-52967ee8292b', '56d372fc-b8de-4746-ab9c-cdbf84ee8fe2', 2, '2025-12-23 17:44:28')
 ON CONFLICT (user_id, role_id) DO UPDATE SET 
  role_id = EXCLUDED.role_id;


INSERT INTO user_roles (id, user_id, role_id, created_at) VALUES
  ('6981148e-009f-4f12-b208-c19115ea6e94', 'fb664885-f107-4b8d-bf56-b3a08ba331b1', 1, '2025-12-23 18:10:18')
 ON CONFLICT (user_id, role_id) DO UPDATE SET 
  role_id = EXCLUDED.role_id;


INSERT INTO user_roles (id, user_id, role_id, created_at) VALUES
  ('5a1c47ec-f916-4d61-9578-ef753b408cec', '8b45fad2-0834-4f04-b180-dd3c570a9921', 1, '2025-12-23 18:45:36')
 ON CONFLICT (user_id, role_id) DO UPDATE SET 
  role_id = EXCLUDED.role_id;


INSERT INTO user_roles (id, user_id, role_id, created_at) VALUES
  ('f8eb66d5-98d3-4c7c-99a6-9516de27f6b8', 'fe47e8b3-13ed-422a-b38b-746288f7ebc4', 1, '2025-12-23 22:49:19')
 ON CONFLICT (user_id, role_id) DO UPDATE SET 
  role_id = EXCLUDED.role_id;


INSERT INTO user_roles (id, user_id, role_id, created_at) VALUES
  ('8df0f6b2-9634-4860-bd77-9a7556e111a3', '96864caa-5e12-46bc-b250-f53ddfb08f26', 2, '2025-12-24 01:54:29')
 ON CONFLICT (user_id, role_id) DO UPDATE SET 
  role_id = EXCLUDED.role_id;


INSERT INTO user_roles (id, user_id, role_id, created_at) VALUES
  ('0382bd7c-70a7-4f3a-b224-531e4cd7d155', '8d5b829f-bc00-4fcc-94be-28f933df5e11', 1, '2026-01-05 03:59:14')
 ON CONFLICT (user_id, role_id) DO UPDATE SET 
  role_id = EXCLUDED.role_id;


INSERT INTO user_roles (id, user_id, role_id, created_at) VALUES
  ('a7a6d4da-f3de-4cad-b71c-d829cddafd07', '766878ff-292f-410b-9b26-2ddb5b88a8bb', 2, '2026-01-07 13:52:36')
 ON CONFLICT (user_id, role_id) DO UPDATE SET 
  role_id = EXCLUDED.role_id;


INSERT INTO user_roles (id, user_id, role_id, created_at) VALUES
  ('2c2d34bf-191e-4b11-ad51-6a389c5404da', '2c0879bf-2493-405b-b56a-31671830926f', 1, '2026-01-10 01:28:26')
 ON CONFLICT (user_id, role_id) DO UPDATE SET 
  role_id = EXCLUDED.role_id;

-- ============================================================================
-- 3. MIGRACIÓN DE TERAPEUTAS
-- ============================================================================

-- Terapeuta: María Belén Jhon Raffo
INSERT INTO therapists (
  id, user_id, name, university, academic_cycle, academic_credentials,
  age, years_experience, professional_level, role_title, specialty,
  therapeutic_approach, short_description, public_bio, modality,
  availability_schedule, is_active, is_visible_in_about, hourly_rate,
  field_visibility, created_at, updated_at
) VALUES
  (
    '9f897d20-f406-4ee1-b29f-947f593822bf',
    'c34ee6d6-7f39-413f-b881-c68728e04545',
    'María Belén Jhon Raffo',
    'Pontificia Universidad Católica del Perú',
    'Psicología',
    NULL,
    22,
    NULL,
    NULL,
    'Psicólogo/a',
    NULL,
    NULL,
    NULL,
    NULL,
    'Online',
    NULL,
    TRUE,
    TRUE,
    25,
    '{"academic_credentials":{"is_visible":false,"locked_by_admin":false},"academic_cycle":{"is_visible":true,"locked_by_admin":true},"availability_schedule":{"is_visible":true,"locked_by_admin":false},"hourly_rate":{"is_visible":true,"locked_by_admin":true},"modality":{"is_visible":true,"locked_by_admin":false},"name":{"is_visible":true,"locked_by_admin":true},"photo_url":{"is_visible":true,"locked_by_admin":false},"population_served":{"is_visible":true,"locked_by_admin":false},"short_description":{"is_visible":true,"locked_by_admin":false},"specialty":{"is_visible":true,"locked_by_admin":false},"therapeutic_approach":{"is_visible":true,"locked_by_admin":false},"university":{"is_visible":true,"locked_by_admin":true},"years_experience":{"is_visible":true,"locked_by_admin":false}}',
    '2025-12-22 21:31:30',
    '2026-01-13 21:00:25'
  )
 ON CONFLICT (id) DO UPDATE SET 
  name = EXCLUDED.name,
  university = EXCLUDED.university,
  academic_cycle = EXCLUDED.academic_cycle,
  is_active = EXCLUDED.is_active,
  hourly_rate = EXCLUDED.hourly_rate,
  updated_at = EXCLUDED.updated_at;


INSERT INTO therapist_pricing (id, therapist_id, pricing_tier, price, is_enabled, created_at, updated_at) VALUES
  (gen_random_uuid(), '9f897d20-f406-4ee1-b29f-947f593822bf', 'public', 40, TRUE, NOW(), NOW())
 ON CONFLICT (therapist_id, pricing_tier) DO UPDATE SET  price = EXCLUDED.price;


INSERT INTO therapist_pricing (id, therapist_id, pricing_tier, price, is_enabled, created_at, updated_at) VALUES
  (gen_random_uuid(), '9f897d20-f406-4ee1-b29f-947f593822bf', 'university_pe', 25, TRUE, NOW(), NOW())
 ON CONFLICT (therapist_id, pricing_tier) DO UPDATE SET  price = EXCLUDED.price;


INSERT INTO therapist_photos (id, therapist_id, photo_type, photo_url, photo_position, created_at) VALUES
  (gen_random_uuid(), '9f897d20-f406-4ee1-b29f-947f593822bf', 'profile', '/therapists/maria-belen.png', '50% 25%', NOW())
 ON CONFLICT (id) DO UPDATE SET  photo_url = EXCLUDED.photo_url;


INSERT INTO therapist_experience_topics (id, therapist_id, topic, created_at) VALUES
    (gen_random_uuid(), '9f897d20-f406-4ee1-b29f-947f593822bf', 'Temas académicos', NOW()),
    (gen_random_uuid(), '9f897d20-f406-4ee1-b29f-947f593822bf', 'Habilidades sociales', NOW()),
    (gen_random_uuid(), '9f897d20-f406-4ee1-b29f-947f593822bf', 'Estrés', NOW())
 ON CONFLICT (id) DO UPDATE SET  topic = EXCLUDED.topic;


-- Terapeuta: Vicente Romero Espinoza
INSERT INTO therapists (
  id, user_id, name, university, academic_cycle, academic_credentials,
  age, years_experience, professional_level, role_title, specialty,
  therapeutic_approach, short_description, public_bio, modality,
  availability_schedule, is_active, is_visible_in_about, hourly_rate,
  field_visibility, created_at, updated_at
) VALUES
  (
    '5ac03ce1-2d2a-40bc-aaef-6e8264cd0cbc',
    '96864caa-5e12-46bc-b250-f53ddfb08f26',
    'Vicente Romero Espinoza',
    'Pontificia Universidad Católica del Perú',
    'Psicología',
    NULL,
    21,
    NULL,
    NULL,
    'Psicólogo/a',
    NULL,
    NULL,
    NULL,
    NULL,
    'Online',
    NULL,
    TRUE,
    TRUE,
    25,
    '{"academic_credentials":{"is_visible":false,"locked_by_admin":false},"academic_cycle":{"is_visible":false,"locked_by_admin":true},"availability_schedule":{"is_visible":true,"locked_by_admin":false},"hourly_rate":{"is_visible":true,"locked_by_admin":true},"modality":{"is_visible":false,"locked_by_admin":false},"name":{"is_visible":true,"locked_by_admin":true},"photo_url":{"is_visible":true,"locked_by_admin":false},"population_served":{"is_visible":true,"locked_by_admin":false},"short_description":{"is_visible":true,"locked_by_admin":false},"specialty":{"is_visible":true,"locked_by_admin":false},"therapeutic_approach":{"is_visible":true,"locked_by_admin":false},"university":{"is_visible":true,"locked_by_admin":false},"years_experience":{"is_visible":true,"locked_by_admin":false}}',
    '2025-12-22 21:31:30',
    '2026-01-13 21:00:41'
  )
 ON CONFLICT (id) DO UPDATE SET 
  name = EXCLUDED.name,
  university = EXCLUDED.university,
  academic_cycle = EXCLUDED.academic_cycle,
  is_active = EXCLUDED.is_active,
  hourly_rate = EXCLUDED.hourly_rate,
  updated_at = EXCLUDED.updated_at;


INSERT INTO therapist_pricing (id, therapist_id, pricing_tier, price, is_enabled, created_at, updated_at) VALUES
  (gen_random_uuid(), '5ac03ce1-2d2a-40bc-aaef-6e8264cd0cbc', 'public', 40, TRUE, NOW(), NOW())
 ON CONFLICT (therapist_id, pricing_tier) DO UPDATE SET  price = EXCLUDED.price;


INSERT INTO therapist_pricing (id, therapist_id, pricing_tier, price, is_enabled, created_at, updated_at) VALUES
  (gen_random_uuid(), '5ac03ce1-2d2a-40bc-aaef-6e8264cd0cbc', 'university_pe', 25, TRUE, NOW(), NOW())
 ON CONFLICT (therapist_id, pricing_tier) DO UPDATE SET  price = EXCLUDED.price;


INSERT INTO therapist_photos (id, therapist_id, photo_type, photo_url, photo_position, created_at) VALUES
  (gen_random_uuid(), '5ac03ce1-2d2a-40bc-aaef-6e8264cd0cbc', 'profile', '/therapists/vicente-romero.png', '50% 15%', NOW())
 ON CONFLICT (id) DO UPDATE SET  photo_url = EXCLUDED.photo_url;


INSERT INTO therapist_experience_topics (id, therapist_id, topic, created_at) VALUES
    (gen_random_uuid(), '5ac03ce1-2d2a-40bc-aaef-6e8264cd0cbc', 'Emocionalidad', NOW()),
    (gen_random_uuid(), '5ac03ce1-2d2a-40bc-aaef-6e8264cd0cbc', 'Personalidad', NOW()),
    (gen_random_uuid(), '5ac03ce1-2d2a-40bc-aaef-6e8264cd0cbc', 'Depresión y ansiedad', NOW())
 ON CONFLICT (id) DO UPDATE SET  topic = EXCLUDED.topic;


-- Terapeuta: Ana Cristina Paco Callapiña
INSERT INTO therapists (
  id, user_id, name, university, academic_cycle, academic_credentials,
  age, years_experience, professional_level, role_title, specialty,
  therapeutic_approach, short_description, public_bio, modality,
  availability_schedule, is_active, is_visible_in_about, hourly_rate,
  field_visibility, created_at, updated_at
) VALUES
  (
    '9b5479e0-1ff6-429e-a03f-a7f7183fa24e',
    '56d372fc-b8de-4746-ab9c-cdbf84ee8fe2',
    'Ana Cristina Paco Callapiña',
    'Universidad Peruana Cayetano Heredia',
    'Psicología',
    NULL,
    24,
    NULL,
    NULL,
    'Psicólogo/a',
    NULL,
    NULL,
    NULL,
    'Soy Ana Cristina, tengo un diplomado en Acompañamiento Pedagógico en Inclusión: Maestro Sombra en Trastornos del Neurodesarrollo.',
    'Online',
    NULL,
    TRUE,
    TRUE,
    25,
    '{"academic_credentials":{"is_visible":false,"locked_by_admin":false},"academic_cycle":{"is_visible":false,"locked_by_admin":false},"availability_schedule":{"is_visible":true,"locked_by_admin":false},"hourly_rate":{"is_visible":true,"locked_by_admin":true},"modality":{"is_visible":true,"locked_by_admin":false},"name":{"is_visible":true,"locked_by_admin":true},"photo_url":{"is_visible":true,"locked_by_admin":false},"population_served":{"is_visible":true,"locked_by_admin":false},"short_description":{"is_visible":true,"locked_by_admin":false},"specialty":{"is_visible":true,"locked_by_admin":false},"therapeutic_approach":{"is_visible":true,"locked_by_admin":false},"university":{"is_visible":true,"locked_by_admin":false},"years_experience":{"is_visible":true,"locked_by_admin":false}}',
    '2025-12-22 21:31:30',
    '2026-01-13 20:59:45'
  )
 ON CONFLICT (id) DO UPDATE SET 
  name = EXCLUDED.name,
  university = EXCLUDED.university,
  academic_cycle = EXCLUDED.academic_cycle,
  is_active = EXCLUDED.is_active,
  hourly_rate = EXCLUDED.hourly_rate,
  updated_at = EXCLUDED.updated_at;


INSERT INTO therapist_pricing (id, therapist_id, pricing_tier, price, is_enabled, created_at, updated_at) VALUES
  (gen_random_uuid(), '9b5479e0-1ff6-429e-a03f-a7f7183fa24e', 'public', 65, TRUE, NOW(), NOW())
 ON CONFLICT (therapist_id, pricing_tier) DO UPDATE SET  price = EXCLUDED.price;


INSERT INTO therapist_pricing (id, therapist_id, pricing_tier, price, is_enabled, created_at, updated_at) VALUES
  (gen_random_uuid(), '9b5479e0-1ff6-429e-a03f-a7f7183fa24e', 'university_pe', 25, TRUE, NOW(), NOW())
 ON CONFLICT (therapist_id, pricing_tier) DO UPDATE SET  price = EXCLUDED.price;


INSERT INTO therapist_photos (id, therapist_id, photo_type, photo_url, photo_position, created_at) VALUES
  (gen_random_uuid(), '9b5479e0-1ff6-429e-a03f-a7f7183fa24e', 'profile', '/therapists/ana-cristina.png', '50% 25%', NOW())
 ON CONFLICT (id) DO UPDATE SET  photo_url = EXCLUDED.photo_url;


INSERT INTO therapist_experience_topics (id, therapist_id, topic, created_at) VALUES
    (gen_random_uuid(), '9b5479e0-1ff6-429e-a03f-a7f7183fa24e', 'Duelo', NOW()),
    (gen_random_uuid(), '9b5479e0-1ff6-429e-a03f-a7f7183fa24e', 'Relaciones de pareja', NOW()),
    (gen_random_uuid(), '9b5479e0-1ff6-429e-a03f-a7f7183fa24e', 'Adaptación universitaria', NOW())
 ON CONFLICT (id) DO UPDATE SET  topic = EXCLUDED.topic;


-- Terapeuta: Esmeralda Sánchez Soca
INSERT INTO therapists (
  id, user_id, name, university, academic_cycle, academic_credentials,
  age, years_experience, professional_level, role_title, specialty,
  therapeutic_approach, short_description, public_bio, modality,
  availability_schedule, is_active, is_visible_in_about, hourly_rate,
  field_visibility, created_at, updated_at
) VALUES
  (
    '9d8b8e15-c2f8-445d-9485-d94c383e1691',
    'fb664885-f107-4b8d-bf56-b3a08ba331b1',
    'Esmeralda Sánchez Soca',
    'UNMSM',
    'Psicóloga',
    NULL,
    30,
    NULL,
    NULL,
    'Psicólogo/a',
    NULL,
    NULL,
    NULL,
    NULL,
    'Online',
    NULL,
    TRUE,
    FALSE,
    30,
    '{"academic_credentials":{"is_visible":false,"locked_by_admin":false},"academic_cycle":{"is_visible":false,"locked_by_admin":true},"availability_schedule":{"is_visible":true,"locked_by_admin":false},"hourly_rate":{"is_visible":true,"locked_by_admin":true},"modality":{"is_visible":true,"locked_by_admin":false},"name":{"is_visible":true,"locked_by_admin":true},"photo_url":{"is_visible":true,"locked_by_admin":false},"population_served":{"is_visible":true,"locked_by_admin":false},"short_description":{"is_visible":true,"locked_by_admin":false},"specialty":{"is_visible":true,"locked_by_admin":false},"therapeutic_approach":{"is_visible":true,"locked_by_admin":false},"university":{"is_visible":true,"locked_by_admin":false},"years_experience":{"is_visible":true,"locked_by_admin":false}}',
    '2025-12-22 23:30:39',
    '2026-01-13 21:03:18'
  )
 ON CONFLICT (id) DO UPDATE SET 
  name = EXCLUDED.name,
  university = EXCLUDED.university,
  academic_cycle = EXCLUDED.academic_cycle,
  is_active = EXCLUDED.is_active,
  hourly_rate = EXCLUDED.hourly_rate,
  updated_at = EXCLUDED.updated_at;


INSERT INTO therapist_pricing (id, therapist_id, pricing_tier, price, is_enabled, created_at, updated_at) VALUES
  (gen_random_uuid(), '9d8b8e15-c2f8-445d-9485-d94c383e1691', 'public', 70, TRUE, NOW(), NOW())
 ON CONFLICT (therapist_id, pricing_tier) DO UPDATE SET  price = EXCLUDED.price;


INSERT INTO therapist_pricing (id, therapist_id, pricing_tier, price, is_enabled, created_at, updated_at) VALUES
  (gen_random_uuid(), '9d8b8e15-c2f8-445d-9485-d94c383e1691', 'university_pe', 25, TRUE, NOW(), NOW())
 ON CONFLICT (therapist_id, pricing_tier) DO UPDATE SET  price = EXCLUDED.price;


INSERT INTO therapist_photos (id, therapist_id, photo_type, photo_url, photo_position, created_at) VALUES
  (gen_random_uuid(), '9d8b8e15-c2f8-445d-9485-d94c383e1691', 'profile', '/therapists/esmeralda.png', '50% 20%', NOW())
 ON CONFLICT (id) DO UPDATE SET  photo_url = EXCLUDED.photo_url;


INSERT INTO therapist_experience_topics (id, therapist_id, topic, created_at) VALUES
    (gen_random_uuid(), '9d8b8e15-c2f8-445d-9485-d94c383e1691', 'Autoestima', NOW()),
    (gen_random_uuid(), '9d8b8e15-c2f8-445d-9485-d94c383e1691', 'Habilidades sociales', NOW()),
    (gen_random_uuid(), '9d8b8e15-c2f8-445d-9485-d94c383e1691', 'Hábitos de estudio', NOW())
 ON CONFLICT (id) DO UPDATE SET  topic = EXCLUDED.topic;


-- Terapeuta: Mayte Nicole Huamán Agüero
INSERT INTO therapists (
  id, user_id, name, university, academic_cycle, academic_credentials,
  age, years_experience, professional_level, role_title, specialty,
  therapeutic_approach, short_description, public_bio, modality,
  availability_schedule, is_active, is_visible_in_about, hourly_rate,
  field_visibility, created_at, updated_at
) VALUES
  (
    '6fdc471e-04e9-4f87-90a6-ebbbe6131522',
    '766878ff-292f-410b-9b26-2ddb5b88a8bb',
    'Mayte Nicole Huamán Agüero',
    'UPC',
    'Psicología/Supervisión',
    NULL,
    NULL,
    0,
    'Practicante avanzado/a',
    'Psicólogo/a',
    NULL,
    'Terapia Cognitivo-Conductual',
    NULL,
    NULL,
    'Online',
    NULL,
    TRUE,
    FALSE,
    25,
    '{"academic_credentials":{"is_visible":false,"locked_by_admin":false},"academic_cycle":{"is_visible":false,"locked_by_admin":true},"availability_schedule":{"is_visible":true,"locked_by_admin":true},"hourly_rate":{"is_visible":true,"locked_by_admin":true},"modality":{"is_visible":true,"locked_by_admin":false},"name":{"is_visible":true,"locked_by_admin":true},"photo_url":{"is_visible":true,"locked_by_admin":false},"population_served":{"is_visible":true,"locked_by_admin":false},"short_description":{"is_visible":true,"locked_by_admin":false},"specialty":{"is_visible":false,"locked_by_admin":false},"therapeutic_approach":{"is_visible":false,"locked_by_admin":false},"university":{"is_visible":true,"locked_by_admin":true},"years_experience":{"is_visible":true,"locked_by_admin":false}}',
    '2026-01-05 15:33:25',
    '2026-01-13 21:00:30'
  )
 ON CONFLICT (id) DO UPDATE SET 
  name = EXCLUDED.name,
  university = EXCLUDED.university,
  academic_cycle = EXCLUDED.academic_cycle,
  is_active = EXCLUDED.is_active,
  hourly_rate = EXCLUDED.hourly_rate,
  updated_at = EXCLUDED.updated_at;


INSERT INTO therapist_pricing (id, therapist_id, pricing_tier, price, is_enabled, created_at, updated_at) VALUES
  (gen_random_uuid(), '6fdc471e-04e9-4f87-90a6-ebbbe6131522', 'public', 50, TRUE, NOW(), NOW())
 ON CONFLICT (therapist_id, pricing_tier) DO UPDATE SET  price = EXCLUDED.price;


INSERT INTO therapist_pricing (id, therapist_id, pricing_tier, price, is_enabled, created_at, updated_at) VALUES
  (gen_random_uuid(), '6fdc471e-04e9-4f87-90a6-ebbbe6131522', 'university_pe', 25, TRUE, NOW(), NOW())
 ON CONFLICT (therapist_id, pricing_tier) DO UPDATE SET  price = EXCLUDED.price;


INSERT INTO therapist_photos (id, therapist_id, photo_type, photo_url, photo_position, created_at) VALUES
  (gen_random_uuid(), '6fdc471e-04e9-4f87-90a6-ebbbe6131522', 'profile', 'https://orkbgvnmnuqfkebrxpko.supabase.co/storage/v1/object/public/therapist-photos/02c2958d-d1c5-4b9d-992d-2e3ac838896d10227.png', '50% 20%', NOW())
 ON CONFLICT (id) DO UPDATE SET  photo_url = EXCLUDED.photo_url;


-- Terapeuta: Ximena Palacios
INSERT INTO therapists (
  id, user_id, name, university, academic_cycle, academic_credentials,
  age, years_experience, professional_level, role_title, specialty,
  therapeutic_approach, short_description, public_bio, modality,
  availability_schedule, is_active, is_visible_in_about, hourly_rate,
  field_visibility, created_at, updated_at
) VALUES
  (
    'e90b5ecd-81e5-4e60-b0b2-9ad8cbc239d6',
    'b01a16a6-b384-4721-81bc-28f10c1e0ab7',
    'Ximena Palacios',
    'Pontificia Universidad Católica del Perú',
    'Psicología',
    NULL,
    28,
    NULL,
    NULL,
    'Psicólogo/a',
    NULL,
    NULL,
    NULL,
    NULL,
    'Online',
    NULL,
    TRUE,
    TRUE,
    25,
    '{"academic_credentials":{"is_visible":false,"locked_by_admin":false},"academic_cycle":{"is_visible":false,"locked_by_admin":true},"availability_schedule":{"is_visible":true,"locked_by_admin":false},"hourly_rate":{"is_visible":true,"locked_by_admin":true},"modality":{"is_visible":true,"locked_by_admin":false},"name":{"is_visible":true,"locked_by_admin":true},"photo_url":{"is_visible":true,"locked_by_admin":false},"population_served":{"is_visible":true,"locked_by_admin":false},"short_description":{"is_visible":true,"locked_by_admin":false},"specialty":{"is_visible":true,"locked_by_admin":false},"therapeutic_approach":{"is_visible":true,"locked_by_admin":false},"university":{"is_visible":true,"locked_by_admin":false},"years_experience":{"is_visible":true,"locked_by_admin":false}}',
    '2025-12-22 21:31:30',
    '2026-01-13 21:00:45'
  )
 ON CONFLICT (id) DO UPDATE SET 
  name = EXCLUDED.name,
  university = EXCLUDED.university,
  academic_cycle = EXCLUDED.academic_cycle,
  is_active = EXCLUDED.is_active,
  hourly_rate = EXCLUDED.hourly_rate,
  updated_at = EXCLUDED.updated_at;


INSERT INTO therapist_pricing (id, therapist_id, pricing_tier, price, is_enabled, created_at, updated_at) VALUES
  (gen_random_uuid(), 'e90b5ecd-81e5-4e60-b0b2-9ad8cbc239d6', 'public', 65, TRUE, NOW(), NOW())
 ON CONFLICT (therapist_id, pricing_tier) DO UPDATE SET  price = EXCLUDED.price;


INSERT INTO therapist_pricing (id, therapist_id, pricing_tier, price, is_enabled, created_at, updated_at) VALUES
  (gen_random_uuid(), 'e90b5ecd-81e5-4e60-b0b2-9ad8cbc239d6', 'university_pe', 25, TRUE, NOW(), NOW())
 ON CONFLICT (therapist_id, pricing_tier) DO UPDATE SET  price = EXCLUDED.price;


INSERT INTO therapist_photos (id, therapist_id, photo_type, photo_url, photo_position, created_at) VALUES
  (gen_random_uuid(), 'e90b5ecd-81e5-4e60-b0b2-9ad8cbc239d6', 'profile', '/therapists/ximena-palacios.png', '50% 20%', NOW())
 ON CONFLICT (id) DO UPDATE SET  photo_url = EXCLUDED.photo_url;


INSERT INTO therapist_experience_topics (id, therapist_id, topic, created_at) VALUES
    (gen_random_uuid(), 'e90b5ecd-81e5-4e60-b0b2-9ad8cbc239d6', 'Temas académicos', NOW()),
    (gen_random_uuid(), 'e90b5ecd-81e5-4e60-b0b2-9ad8cbc239d6', 'Estilos de comunicación', NOW()),
    (gen_random_uuid(), 'e90b5ecd-81e5-4e60-b0b2-9ad8cbc239d6', 'Relaciones', NOW())
 ON CONFLICT (id) DO UPDATE SET  topic = EXCLUDED.topic;


-- Terapeuta: Yessenia Cordova Benites
INSERT INTO therapists (
  id, user_id, name, university, academic_cycle, academic_credentials,
  age, years_experience, professional_level, role_title, specialty,
  therapeutic_approach, short_description, public_bio, modality,
  availability_schedule, is_active, is_visible_in_about, hourly_rate,
  field_visibility, created_at, updated_at
) VALUES
  (
    '0121f625-66d4-4463-8085-10e4ebca6c80',
    'a907db65-a506-49c5-8238-a82472bae0ba',
    'Yessenia Cordova Benites',
    'UPC',
    'Psicología',
    NULL,
    27,
    NULL,
    NULL,
    'Psicólogo/a',
    NULL,
    NULL,
    NULL,
    NULL,
    'Online',
    NULL,
    TRUE,
    TRUE,
    25,
    '{"academic_credentials":{"is_visible":false,"locked_by_admin":false},"academic_cycle":{"is_visible":true,"locked_by_admin":true},"availability_schedule":{"is_visible":true,"locked_by_admin":false},"hourly_rate":{"is_visible":true,"locked_by_admin":true},"modality":{"is_visible":true,"locked_by_admin":false},"name":{"is_visible":true,"locked_by_admin":true},"photo_url":{"is_visible":true,"locked_by_admin":false},"population_served":{"is_visible":true,"locked_by_admin":false},"short_description":{"is_visible":true,"locked_by_admin":false},"specialty":{"is_visible":true,"locked_by_admin":false},"therapeutic_approach":{"is_visible":true,"locked_by_admin":false},"university":{"is_visible":true,"locked_by_admin":false},"years_experience":{"is_visible":true,"locked_by_admin":false}}',
    '2025-12-22 21:31:30',
    '2026-01-09 03:21:23'
  )
 ON CONFLICT (id) DO UPDATE SET 
  name = EXCLUDED.name,
  university = EXCLUDED.university,
  academic_cycle = EXCLUDED.academic_cycle,
  is_active = EXCLUDED.is_active,
  hourly_rate = EXCLUDED.hourly_rate,
  updated_at = EXCLUDED.updated_at;


INSERT INTO therapist_pricing (id, therapist_id, pricing_tier, price, is_enabled, created_at, updated_at) VALUES
  (gen_random_uuid(), '0121f625-66d4-4463-8085-10e4ebca6c80', 'public', 40, TRUE, NOW(), NOW())
 ON CONFLICT (therapist_id, pricing_tier) DO UPDATE SET  price = EXCLUDED.price;


INSERT INTO therapist_pricing (id, therapist_id, pricing_tier, price, is_enabled, created_at, updated_at) VALUES
  (gen_random_uuid(), '0121f625-66d4-4463-8085-10e4ebca6c80', 'university_pe', 25, TRUE, NOW(), NOW())
 ON CONFLICT (therapist_id, pricing_tier) DO UPDATE SET  price = EXCLUDED.price;


INSERT INTO therapist_photos (id, therapist_id, photo_type, photo_url, photo_position, created_at) VALUES
  (gen_random_uuid(), '0121f625-66d4-4463-8085-10e4ebca6c80', 'profile', '/therapists/yessenia-cordova.png', '50% 20%', NOW())
 ON CONFLICT (id) DO UPDATE SET  photo_url = EXCLUDED.photo_url;


INSERT INTO therapist_experience_topics (id, therapist_id, topic, created_at) VALUES
    (gen_random_uuid(), '0121f625-66d4-4463-8085-10e4ebca6c80', 'Duelo', NOW()),
    (gen_random_uuid(), '0121f625-66d4-4463-8085-10e4ebca6c80', 'Habilidades sociales', NOW())
 ON CONFLICT (id) DO UPDATE SET  topic = EXCLUDED.topic;


-- Terapeuta: Sofía Valeria Aranda Galvez
INSERT INTO therapists (
  id, user_id, name, university, academic_cycle, academic_credentials,
  age, years_experience, professional_level, role_title, specialty,
  therapeutic_approach, short_description, public_bio, modality,
  availability_schedule, is_active, is_visible_in_about, hourly_rate,
  field_visibility, created_at, updated_at
) VALUES
  (
    'eb03957b-55f3-4301-87a4-a6fc020c9360',
    '9f39e792-3bd8-410c-aa40-dfa9cbc9b33b',
    'Sofía Valeria Aranda Galvez',
    'UPC / Universidad de Arizona',
    'Psicología',
    NULL,
    21,
    NULL,
    NULL,
    'Psicólogo/a',
    NULL,
    NULL,
    NULL,
    NULL,
    'Online',
    NULL,
    TRUE,
    TRUE,
    25,
    '{"academic_credentials":{"is_visible":false,"locked_by_admin":false},"academic_cycle":{"is_visible":false,"locked_by_admin":true},"availability_schedule":{"is_visible":true,"locked_by_admin":false},"hourly_rate":{"is_visible":true,"locked_by_admin":true},"modality":{"is_visible":true,"locked_by_admin":false},"name":{"is_visible":true,"locked_by_admin":true},"photo_url":{"is_visible":true,"locked_by_admin":false},"population_served":{"is_visible":true,"locked_by_admin":false},"short_description":{"is_visible":true,"locked_by_admin":false},"specialty":{"is_visible":true,"locked_by_admin":false},"therapeutic_approach":{"is_visible":true,"locked_by_admin":false},"university":{"is_visible":true,"locked_by_admin":false},"years_experience":{"is_visible":true,"locked_by_admin":false}}',
    '2025-12-22 21:31:30',
    '2026-01-13 21:00:36'
  )
 ON CONFLICT (id) DO UPDATE SET 
  name = EXCLUDED.name,
  university = EXCLUDED.university,
  academic_cycle = EXCLUDED.academic_cycle,
  is_active = EXCLUDED.is_active,
  hourly_rate = EXCLUDED.hourly_rate,
  updated_at = EXCLUDED.updated_at;


INSERT INTO therapist_pricing (id, therapist_id, pricing_tier, price, is_enabled, created_at, updated_at) VALUES
  (gen_random_uuid(), 'eb03957b-55f3-4301-87a4-a6fc020c9360', 'public', 60, TRUE, NOW(), NOW())
 ON CONFLICT (therapist_id, pricing_tier) DO UPDATE SET  price = EXCLUDED.price;


INSERT INTO therapist_pricing (id, therapist_id, pricing_tier, price, is_enabled, created_at, updated_at) VALUES
  (gen_random_uuid(), 'eb03957b-55f3-4301-87a4-a6fc020c9360', 'university_pe', 25, TRUE, NOW(), NOW())
 ON CONFLICT (therapist_id, pricing_tier) DO UPDATE SET  price = EXCLUDED.price;


INSERT INTO therapist_photos (id, therapist_id, photo_type, photo_url, photo_position, created_at) VALUES
  (gen_random_uuid(), 'eb03957b-55f3-4301-87a4-a6fc020c9360', 'profile', 'https://orkbgvnmnuqfkebrxpko.supabase.co/storage/v1/object/public/therapist-photos/bacf8f63-7224-4ba1-8518-717a61660bb291142.png', '50% 20%', NOW())
 ON CONFLICT (id) DO UPDATE SET  photo_url = EXCLUDED.photo_url;


INSERT INTO therapist_experience_topics (id, therapist_id, topic, created_at) VALUES
    (gen_random_uuid(), 'eb03957b-55f3-4301-87a4-a6fc020c9360', 'Regulación emocional', NOW()),
    (gen_random_uuid(), 'eb03957b-55f3-4301-87a4-a6fc020c9360', 'Ansiedad', NOW()),
    (gen_random_uuid(), 'eb03957b-55f3-4301-87a4-a6fc020c9360', 'Autoestima', NOW()),
    (gen_random_uuid(), 'eb03957b-55f3-4301-87a4-a6fc020c9360', 'Neurodesarrollo', NOW())
 ON CONFLICT (id) DO UPDATE SET  topic = EXCLUDED.topic;


-- Terapeuta: Arlette Eleanor Fátima Barrantes
INSERT INTO therapists (
  id, user_id, name, university, academic_cycle, academic_credentials,
  age, years_experience, professional_level, role_title, specialty,
  therapeutic_approach, short_description, public_bio, modality,
  availability_schedule, is_active, is_visible_in_about, hourly_rate,
  field_visibility, created_at, updated_at
) VALUES
  (
    '86457749-cfc3-4921-8b59-7cbcce6f1798',
    'dba49a32-aecf-4548-b982-75b79934b76c',
    'Arlette Eleanor Fátima Barrantes',
    'UPC',
    'Psicología',
    NULL,
    21,
    NULL,
    NULL,
    'Psicólogo/a',
    NULL,
    NULL,
    NULL,
    NULL,
    'Online',
    NULL,
    TRUE,
    TRUE,
    25,
    '{"academic_credentials":{"is_visible":false,"locked_by_admin":false},"academic_cycle":{"is_visible":false,"locked_by_admin":true},"availability_schedule":{"is_visible":true,"locked_by_admin":false},"hourly_rate":{"is_visible":true,"locked_by_admin":true},"modality":{"is_visible":true,"locked_by_admin":false},"name":{"is_visible":true,"locked_by_admin":true},"photo_url":{"is_visible":true,"locked_by_admin":false},"population_served":{"is_visible":true,"locked_by_admin":false},"short_description":{"is_visible":true,"locked_by_admin":false},"specialty":{"is_visible":true,"locked_by_admin":false},"therapeutic_approach":{"is_visible":true,"locked_by_admin":false},"university":{"is_visible":true,"locked_by_admin":false},"years_experience":{"is_visible":true,"locked_by_admin":false}}',
    '2025-12-22 21:31:30',
    '2026-01-13 20:59:56'
  )
 ON CONFLICT (id) DO UPDATE SET 
  name = EXCLUDED.name,
  university = EXCLUDED.university,
  academic_cycle = EXCLUDED.academic_cycle,
  is_active = EXCLUDED.is_active,
  hourly_rate = EXCLUDED.hourly_rate,
  updated_at = EXCLUDED.updated_at;


INSERT INTO therapist_pricing (id, therapist_id, pricing_tier, price, is_enabled, created_at, updated_at) VALUES
  (gen_random_uuid(), '86457749-cfc3-4921-8b59-7cbcce6f1798', 'public', 50, TRUE, NOW(), NOW())
 ON CONFLICT (therapist_id, pricing_tier) DO UPDATE SET  price = EXCLUDED.price;


INSERT INTO therapist_pricing (id, therapist_id, pricing_tier, price, is_enabled, created_at, updated_at) VALUES
  (gen_random_uuid(), '86457749-cfc3-4921-8b59-7cbcce6f1798', 'university_pe', 25, TRUE, NOW(), NOW())
 ON CONFLICT (therapist_id, pricing_tier) DO UPDATE SET  price = EXCLUDED.price;


INSERT INTO therapist_photos (id, therapist_id, photo_type, photo_url, photo_position, created_at) VALUES
  (gen_random_uuid(), '86457749-cfc3-4921-8b59-7cbcce6f1798', 'profile', 'https://orkbgvnmnuqfkebrxpko.supabase.co/storage/v1/object/public/therapist-photos/d75183bd-5e36-4719-be05-41ec209cbdcd56773.jpeg', '50% 20%', NOW())
 ON CONFLICT (id) DO UPDATE SET  photo_url = EXCLUDED.photo_url;


INSERT INTO therapist_photos (id, therapist_id, photo_type, photo_url, photo_position, created_at) VALUES
  (gen_random_uuid(), '86457749-cfc3-4921-8b59-7cbcce6f1798', 'friendly', 'https://orkbgvnmnuqfkebrxpko.supabase.co/storage/v1/object/public/therapist-photos/friendly638b4439-b1bf-45a2-aece-9cfb83fd7f41758654.jpeg', '2', NOW())
 ON CONFLICT (id) DO UPDATE SET  photo_url = EXCLUDED.photo_url;


INSERT INTO therapist_experience_topics (id, therapist_id, topic, created_at) VALUES
    (gen_random_uuid(), '86457749-cfc3-4921-8b59-7cbcce6f1798', 'Relaciones amorosas', NOW()),
    (gen_random_uuid(), '86457749-cfc3-4921-8b59-7cbcce6f1798', 'sociales y familiares', NOW()),
    (gen_random_uuid(), '86457749-cfc3-4921-8b59-7cbcce6f1798', 'Proyecto de vida', NOW()),
    (gen_random_uuid(), '86457749-cfc3-4921-8b59-7cbcce6f1798', 'Organización', NOW())
 ON CONFLICT (id) DO UPDATE SET  topic = EXCLUDED.topic;


-- Terapeuta: Adriana Alessandra San Miguel
INSERT INTO therapists (
  id, user_id, name, university, academic_cycle, academic_credentials,
  age, years_experience, professional_level, role_title, specialty,
  therapeutic_approach, short_description, public_bio, modality,
  availability_schedule, is_active, is_visible_in_about, hourly_rate,
  field_visibility, created_at, updated_at
) VALUES
  (
    'a687d924-bbac-4053-9ede-2397bd1119cb',
    'c87768a1-463f-4589-aad4-a87c9291db22',
    'Adriana Alessandra San Miguel',
    'UPC',
    'Psicología',
    NULL,
    21,
    NULL,
    NULL,
    'Psicólogo/a',
    NULL,
    NULL,
    NULL,
    'Soy Adriana, actualmente curso el 9° ciclo de Psicología Clínica en la Universidad Peruana de Ciencias Aplicadas y llevo a la par una Formación en Psicoterapia Gestalt. Mis áreas de interés son: duelo, relaciones de Pareja, relaciones interpersonales, emocionalidad, etc',
    'Online',
    NULL,
    TRUE,
    TRUE,
    25,
    '{"academic_credentials":{"is_visible":false,"locked_by_admin":false},"academic_cycle":{"is_visible":false,"locked_by_admin":true},"availability_schedule":{"is_visible":true,"locked_by_admin":false},"hourly_rate":{"is_visible":true,"locked_by_admin":true},"modality":{"is_visible":true,"locked_by_admin":false},"name":{"is_visible":true,"locked_by_admin":true},"photo_url":{"is_visible":true,"locked_by_admin":false},"population_served":{"is_visible":true,"locked_by_admin":false},"short_description":{"is_visible":true,"locked_by_admin":false},"specialty":{"is_visible":true,"locked_by_admin":false},"therapeutic_approach":{"is_visible":true,"locked_by_admin":false},"university":{"is_visible":true,"locked_by_admin":false},"years_experience":{"is_visible":true,"locked_by_admin":false}}',
    '2025-12-22 21:31:30',
    '2026-01-13 20:59:51'
  )
 ON CONFLICT (id) DO UPDATE SET 
  name = EXCLUDED.name,
  university = EXCLUDED.university,
  academic_cycle = EXCLUDED.academic_cycle,
  is_active = EXCLUDED.is_active,
  hourly_rate = EXCLUDED.hourly_rate,
  updated_at = EXCLUDED.updated_at;


INSERT INTO therapist_pricing (id, therapist_id, pricing_tier, price, is_enabled, created_at, updated_at) VALUES
  (gen_random_uuid(), 'a687d924-bbac-4053-9ede-2397bd1119cb', 'public', 65, TRUE, NOW(), NOW())
 ON CONFLICT (therapist_id, pricing_tier) DO UPDATE SET  price = EXCLUDED.price;


INSERT INTO therapist_pricing (id, therapist_id, pricing_tier, price, is_enabled, created_at, updated_at) VALUES
  (gen_random_uuid(), 'a687d924-bbac-4053-9ede-2397bd1119cb', 'university_pe', 25, TRUE, NOW(), NOW())
 ON CONFLICT (therapist_id, pricing_tier) DO UPDATE SET  price = EXCLUDED.price;


INSERT INTO therapist_photos (id, therapist_id, photo_type, photo_url, photo_position, created_at) VALUES
  (gen_random_uuid(), 'a687d924-bbac-4053-9ede-2397bd1119cb', 'profile', 'https://orkbgvnmnuqfkebrxpko.supabase.co/storage/v1/object/public/therapist-photos/cb68f62e-ac9d-4f19-8a0b-f8bac0343ecd67310.jpg', '50% 20%', NOW())
 ON CONFLICT (id) DO UPDATE SET  photo_url = EXCLUDED.photo_url;


INSERT INTO therapist_experience_topics (id, therapist_id, topic, created_at) VALUES
    (gen_random_uuid(), 'a687d924-bbac-4053-9ede-2397bd1119cb', 'Duelo', NOW()),
    (gen_random_uuid(), 'a687d924-bbac-4053-9ede-2397bd1119cb', 'Relaciones amorosas', NOW())
 ON CONFLICT (id) DO UPDATE SET  topic = EXCLUDED.topic;


-- Terapeuta: María Alejandra Mendoza Váscones
INSERT INTO therapists (
  id, user_id, name, university, academic_cycle, academic_credentials,
  age, years_experience, professional_level, role_title, specialty,
  therapeutic_approach, short_description, public_bio, modality,
  availability_schedule, is_active, is_visible_in_about, hourly_rate,
  field_visibility, created_at, updated_at
) VALUES
  (
    'd817b655-477a-4dea-9e8f-bb944160c54f',
    'ddd66fa5-a438-4868-ae3d-a40aea3b4154',
    'María Alejandra Mendoza Váscones',
    'UPC / Universidad de Arizona',
    'Psicología',
    NULL,
    22,
    NULL,
    NULL,
    'Psicóloga',
    NULL,
    NULL,
    NULL,
    'Hola soy María Alejandra, Hice mi Formación en Terapias Conductuales Contextuales en población infantojuvenil, estoy cursando una Especialización en Terapia de Aceptación y Compromiso, Entrenamientos Internacionales en DBT Avanzado y ACT Avanzado así como protocolos: L-RAMP, DBT-RO.',
    'Online',
    NULL,
    TRUE,
    TRUE,
    25,
    '{"academic_credentials":{"is_visible":false,"locked_by_admin":false},"academic_cycle":{"is_visible":false,"locked_by_admin":true},"availability_schedule":{"is_visible":false,"locked_by_admin":false},"hourly_rate":{"is_visible":true,"locked_by_admin":true},"modality":{"is_visible":false,"locked_by_admin":false},"name":{"is_visible":true,"locked_by_admin":true},"photo_url":{"is_visible":true,"locked_by_admin":false},"population_served":{"is_visible":false,"locked_by_admin":false},"short_description":{"is_visible":false,"locked_by_admin":false},"specialty":{"is_visible":false,"locked_by_admin":false},"therapeutic_approach":{"is_visible":false,"locked_by_admin":false},"university":{"is_visible":true,"locked_by_admin":true},"years_experience":{"is_visible":false,"locked_by_admin":false}}',
    '2025-12-22 21:31:30',
    '2026-01-13 21:00:19'
  )
 ON CONFLICT (id) DO UPDATE SET 
  name = EXCLUDED.name,
  university = EXCLUDED.university,
  academic_cycle = EXCLUDED.academic_cycle,
  is_active = EXCLUDED.is_active,
  hourly_rate = EXCLUDED.hourly_rate,
  updated_at = EXCLUDED.updated_at;


INSERT INTO therapist_pricing (id, therapist_id, pricing_tier, price, is_enabled, created_at, updated_at) VALUES
  (gen_random_uuid(), 'd817b655-477a-4dea-9e8f-bb944160c54f', 'public', 45, TRUE, NOW(), NOW())
 ON CONFLICT (therapist_id, pricing_tier) DO UPDATE SET  price = EXCLUDED.price;


INSERT INTO therapist_pricing (id, therapist_id, pricing_tier, price, is_enabled, created_at, updated_at) VALUES
  (gen_random_uuid(), 'd817b655-477a-4dea-9e8f-bb944160c54f', 'university_pe', 25, TRUE, NOW(), NOW())
 ON CONFLICT (therapist_id, pricing_tier) DO UPDATE SET  price = EXCLUDED.price;


INSERT INTO therapist_photos (id, therapist_id, photo_type, photo_url, photo_position, created_at) VALUES
  (gen_random_uuid(), 'd817b655-477a-4dea-9e8f-bb944160c54f', 'profile', 'https://orkbgvnmnuqfkebrxpko.supabase.co/storage/v1/object/public/therapist-photos/c53b4f25-f09a-4baf-8aed-465bbd97245b45821.jpg', '50% 20%', NOW())
 ON CONFLICT (id) DO UPDATE SET  photo_url = EXCLUDED.photo_url;


INSERT INTO therapist_photos (id, therapist_id, photo_type, photo_url, photo_position, created_at) VALUES
  (gen_random_uuid(), 'd817b655-477a-4dea-9e8f-bb944160c54f', 'friendly', 'https://orkbgvnmnuqfkebrxpko.supabase.co/storage/v1/object/public/therapist-photos/friendlyd2d201da-b979-4f0b-bca8-5d78d65336f4701597.jpeg', '2', NOW())
 ON CONFLICT (id) DO UPDATE SET  photo_url = EXCLUDED.photo_url;


INSERT INTO therapist_experience_topics (id, therapist_id, topic, created_at) VALUES
    (gen_random_uuid(), 'd817b655-477a-4dea-9e8f-bb944160c54f', 'Regulación emocional', NOW()),
    (gen_random_uuid(), 'd817b655-477a-4dea-9e8f-bb944160c54f', 'Duelos', NOW())
 ON CONFLICT (id) DO UPDATE SET  topic = EXCLUDED.topic;


-- ============================================================================
-- 4. MIGRACIÓN DE CITAS (APPOINTMENTS)
-- ============================================================================

INSERT INTO patient_contacts (id, first_name, last_name, full_name, email, phone, created_at, updated_at) VALUES
  ('ca74a24f-7cdc-451b-928b-d1fbb9bd91bb', 'Andres', 'Chaupis', 'Andres Chaupis', 'andres.1999.ter@gmail.com', '946032258', NOW(), NOW())
 ON CONFLICT (id) DO UPDATE SET 
  first_name = EXCLUDED.first_name,
  last_name = EXCLUDED.last_name,
  full_name = EXCLUDED.full_name,
  phone = EXCLUDED.phone;


INSERT INTO patient_contacts (id, first_name, last_name, full_name, email, phone, created_at, updated_at) VALUES
  ('59bf3ae8-ec15-4fcb-a04b-27aae5f9518c', 'Agenda', ' Directa', 'Agenda  Directa', 'agenda123@gmail.com', '949742932', NOW(), NOW())
 ON CONFLICT (id) DO UPDATE SET 
  first_name = EXCLUDED.first_name,
  last_name = EXCLUDED.last_name,
  full_name = EXCLUDED.full_name,
  phone = EXCLUDED.phone;


INSERT INTO patient_contacts (id, first_name, last_name, full_name, email, phone, created_at, updated_at) VALUES
  ('357ff4be-7dd2-4be1-a463-283e75ad24e7', 'Sergio', 'Gabriel Beltran Castillo', 'Sergio Gabriel Beltran Castillo', '20246670@aloe.ulima.edu.pe', '982721676', NOW(), NOW())
 ON CONFLICT (id) DO UPDATE SET 
  first_name = EXCLUDED.first_name,
  last_name = EXCLUDED.last_name,
  full_name = EXCLUDED.full_name,
  phone = EXCLUDED.phone;


INSERT INTO patient_contacts (id, first_name, last_name, full_name, email, phone, created_at, updated_at) VALUES
  ('674842fa-8fca-4d7a-a824-9029aa355dda', 'Luigui', 'A.', 'Luigui A.', 'tutupololo@gmail.com', '862363303', NOW(), NOW())
 ON CONFLICT (id) DO UPDATE SET 
  first_name = EXCLUDED.first_name,
  last_name = EXCLUDED.last_name,
  full_name = EXCLUDED.full_name,
  phone = EXCLUDED.phone;


INSERT INTO patient_contacts (id, first_name, last_name, full_name, email, phone, created_at, updated_at) VALUES
  ('5c60f6da-bc6f-45ab-9300-38f3513d07c7', 'Luis', 'Alberto López Julca', 'Luis Alberto López Julca', 'luisalbertolopezj@gmail.com', '926297456', NOW(), NOW())
 ON CONFLICT (id) DO UPDATE SET 
  first_name = EXCLUDED.first_name,
  last_name = EXCLUDED.last_name,
  full_name = EXCLUDED.full_name,
  phone = EXCLUDED.phone;


INSERT INTO patient_contacts (id, first_name, last_name, full_name, email, phone, created_at, updated_at) VALUES
  ('af83863a-06c8-4c50-b525-b22735e5c504', 'Andrea', ' Arostegui Palomino', 'Andrea  Arostegui Palomino', 'andrearostegui1@gmail.com', '966361670', NOW(), NOW())
 ON CONFLICT (id) DO UPDATE SET 
  first_name = EXCLUDED.first_name,
  last_name = EXCLUDED.last_name,
  full_name = EXCLUDED.full_name,
  phone = EXCLUDED.phone;


INSERT INTO patient_contacts (id, first_name, last_name, full_name, email, phone, created_at, updated_at) VALUES
  ('2a1cf8d8-d077-45d4-9cbf-d712d4b553df', 'Max', 'Alex Jave Jimenez', 'Max Alex Jave Jimenez', 'maxalexjavejimenez8@gmail.com', '906046853', NOW(), NOW())
 ON CONFLICT (id) DO UPDATE SET 
  first_name = EXCLUDED.first_name,
  last_name = EXCLUDED.last_name,
  full_name = EXCLUDED.full_name,
  phone = EXCLUDED.phone;


INSERT INTO patient_contacts (id, first_name, last_name, full_name, email, phone, created_at, updated_at) VALUES
  ('4340f2b7-bbdb-4df6-b949-7d5398428f38', 'Alvaro', 'Macías', 'Alvaro Macías', 'amacias@ulima.edu.pe', '99999999', NOW(), NOW())
 ON CONFLICT (id) DO UPDATE SET 
  first_name = EXCLUDED.first_name,
  last_name = EXCLUDED.last_name,
  full_name = EXCLUDED.full_name,
  phone = EXCLUDED.phone;


INSERT INTO patient_contacts (id, first_name, last_name, full_name, email, phone, created_at, updated_at) VALUES
  ('cfd7fce9-a8ae-4b5d-9f85-3875a5941b19', 'Jessy', 'Yauri', 'Jessy Yauri', 'jessyyauri5@gmail.com', '992100201', NOW(), NOW())
 ON CONFLICT (id) DO UPDATE SET 
  first_name = EXCLUDED.first_name,
  last_name = EXCLUDED.last_name,
  full_name = EXCLUDED.full_name,
  phone = EXCLUDED.phone;


INSERT INTO patient_contacts (id, first_name, last_name, full_name, email, phone, created_at, updated_at) VALUES
  ('56819bd2-b3c3-4737-83dc-266983d95fe6', 'pepe', 'Grillo', 'pepe Grillo', 'pepegrillo@gmail.com', '999999999', NOW(), NOW())
 ON CONFLICT (id) DO UPDATE SET 
  first_name = EXCLUDED.first_name,
  last_name = EXCLUDED.last_name,
  full_name = EXCLUDED.full_name,
  phone = EXCLUDED.phone;


INSERT INTO patient_contacts (id, first_name, last_name, full_name, email, phone, created_at, updated_at) VALUES
  ('e599e778-2f95-4bf0-b173-92cb12de85f8', 'Mariana', ' Juárez', 'Mariana  Juárez', 'marjuarezzz.06@gmail.com', '948760235', NOW(), NOW())
 ON CONFLICT (id) DO UPDATE SET 
  first_name = EXCLUDED.first_name,
  last_name = EXCLUDED.last_name,
  full_name = EXCLUDED.full_name,
  phone = EXCLUDED.phone;


INSERT INTO appointments (
  id, therapist_id, patient_contact_id, patient_email, patient_name,
  patient_phone, consultation_reason, appointment_date,
  start_time, end_time, status, notes, created_at, updated_at
) VALUES
  (
    'ca74a24f-7cdc-451b-928b-d1fbb9bd91bb',
    '9f897d20-f406-4ee1-b29f-947f593822bf',
    'ca74a24f-7cdc-451b-928b-d1fbb9bd91bb',
    'andres.1999.ter@gmail.com',
    'Andres Chaupis',
    '946032258',
    'No puedo estudiar, procrastino demasiado y me duermo muy tarde.',
    '2025-12-30',
    '17:00:00',
    '18:00:00',
    'confirmed',
    NULL,
    '2025-12-30 21:01:38',
    '2025-12-30 21:02:01'
  )
 ON CONFLICT (id) DO UPDATE SET 
  status = EXCLUDED.status,
  notes = EXCLUDED.notes,
  updated_at = EXCLUDED.updated_at;


INSERT INTO appointment_payments (
  id, appointment_id, original_price, discount_applied,
  final_price, amount_paid, payment_method, payment_confirmed_at, created_at, updated_at
) VALUES
  (
    gen_random_uuid(),
    'ca74a24f-7cdc-451b-928b-d1fbb9bd91bb',
    25,
    0,
    25,
    25,
    'Yape/Plin',
    '2025-12-30 21:02:01',
    '2025-12-30 21:01:38',
    '2025-12-30 21:02:01'
  )
 ON CONFLICT (id) DO UPDATE SET 
  original_price = EXCLUDED.original_price,
  discount_applied = EXCLUDED.discount_applied,
  final_price = EXCLUDED.final_price,
  amount_paid = EXCLUDED.amount_paid,
  payment_method = EXCLUDED.payment_method,
  payment_confirmed_at = EXCLUDED.payment_confirmed_at;


INSERT INTO appointments (
  id, therapist_id, patient_contact_id, patient_email, patient_name,
  patient_phone, consultation_reason, appointment_date,
  start_time, end_time, status, notes, created_at, updated_at
) VALUES
  (
    'b43c5e3a-122b-4ceb-be7c-35dba612ca01',
    'e90b5ecd-81e5-4e60-b0b2-9ad8cbc239d6',
    'ca74a24f-7cdc-451b-928b-d1fbb9bd91bb',
    'andres.1999.ter@gmail.com',
    'Andres Chaupis',
    '946032258',
    'Procrastinación. Quiero  que me guste estudiar, ya que la actividad me causa mucho estrés. Me cuesta conciliar el sueño pensando en todo lo que no hice durante el día y en todo lo que haré al día siguiente, pero no lo hago, solo procrastino y este circulo vicioso me ha traído problemas personales, académicos y profesionales.',
    '2026-01-05',
    '21:00:00',
    '22:00:00',
    'confirmed',
    NULL,
    '2025-12-30 23:14:16',
    '2025-12-31 00:31:49'
  )
 ON CONFLICT (id) DO UPDATE SET 
  status = EXCLUDED.status,
  notes = EXCLUDED.notes,
  updated_at = EXCLUDED.updated_at;


INSERT INTO appointment_payments (
  id, appointment_id, original_price, discount_applied,
  final_price, amount_paid, payment_method, payment_confirmed_at, created_at, updated_at
) VALUES
  (
    gen_random_uuid(),
    'b43c5e3a-122b-4ceb-be7c-35dba612ca01',
    25,
    0,
    25,
    25,
    'Yape/Plin',
    '2025-12-31 00:31:48',
    '2025-12-30 23:14:16',
    '2025-12-31 00:31:49'
  )
 ON CONFLICT (id) DO UPDATE SET 
  original_price = EXCLUDED.original_price,
  discount_applied = EXCLUDED.discount_applied,
  final_price = EXCLUDED.final_price,
  amount_paid = EXCLUDED.amount_paid,
  payment_method = EXCLUDED.payment_method,
  payment_confirmed_at = EXCLUDED.payment_confirmed_at;


INSERT INTO appointments (
  id, therapist_id, patient_contact_id, patient_email, patient_name,
  patient_phone, consultation_reason, appointment_date,
  start_time, end_time, status, notes, created_at, updated_at
) VALUES
  (
    '59bf3ae8-ec15-4fcb-a04b-27aae5f9518c',
    '5ac03ce1-2d2a-40bc-aaef-6e8264cd0cbc',
    '59bf3ae8-ec15-4fcb-a04b-27aae5f9518c',
    'agenda123@gmail.com',
    'Agenda  Directa',
    '949742932',
    'Dana Zuloeta: consulta',
    '2026-01-10',
    '13:00:00',
    '14:00:00',
    'confirmed',
    NULL,
    '2026-01-09 22:51:40',
    '2026-01-09 22:53:16'
  )
 ON CONFLICT (id) DO UPDATE SET 
  status = EXCLUDED.status,
  notes = EXCLUDED.notes,
  updated_at = EXCLUDED.updated_at;


INSERT INTO appointment_payments (
  id, appointment_id, original_price, discount_applied,
  final_price, amount_paid, payment_method, payment_confirmed_at, created_at, updated_at
) VALUES
  (
    gen_random_uuid(),
    '59bf3ae8-ec15-4fcb-a04b-27aae5f9518c',
    25,
    0,
    25,
    25,
    'Yape/Plin',
    '2026-01-09 22:53:16',
    '2026-01-09 22:51:40',
    '2026-01-09 22:53:16'
  )
 ON CONFLICT (id) DO UPDATE SET 
  original_price = EXCLUDED.original_price,
  discount_applied = EXCLUDED.discount_applied,
  final_price = EXCLUDED.final_price,
  amount_paid = EXCLUDED.amount_paid,
  payment_method = EXCLUDED.payment_method,
  payment_confirmed_at = EXCLUDED.payment_confirmed_at;


INSERT INTO appointments (
  id, therapist_id, patient_contact_id, patient_email, patient_name,
  patient_phone, consultation_reason, appointment_date,
  start_time, end_time, status, notes, created_at, updated_at
) VALUES
  (
    '357ff4be-7dd2-4be1-a463-283e75ad24e7',
    'eb03957b-55f3-4301-87a4-a6fc020c9360',
    '357ff4be-7dd2-4be1-a463-283e75ad24e7',
    '20246670@aloe.ulima.edu.pe',
    'Sergio Gabriel Beltran Castillo',
    '982721676',
    'Problemas recientes de sueño (despertares nocturnos), con impacto en el estado emocional y la energía diaria.',
    '2025-12-30',
    '10:00:00',
    '11:00:00',
    'confirmed',
    NULL,
    '2025-12-27 18:02:27',
    '2025-12-27 20:25:45'
  )
 ON CONFLICT (id) DO UPDATE SET 
  status = EXCLUDED.status,
  notes = EXCLUDED.notes,
  updated_at = EXCLUDED.updated_at;


INSERT INTO appointment_payments (
  id, appointment_id, original_price, discount_applied,
  final_price, amount_paid, payment_method, payment_confirmed_at, created_at, updated_at
) VALUES
  (
    gen_random_uuid(),
    '357ff4be-7dd2-4be1-a463-283e75ad24e7',
    0,
    0,
    0,
    NULL,
    'Yape/Plin',
    NULL,
    '2025-12-27 18:02:27',
    '2025-12-27 20:25:45'
  )
 ON CONFLICT (id) DO UPDATE SET 
  original_price = EXCLUDED.original_price,
  discount_applied = EXCLUDED.discount_applied,
  final_price = EXCLUDED.final_price,
  amount_paid = EXCLUDED.amount_paid,
  payment_method = EXCLUDED.payment_method,
  payment_confirmed_at = EXCLUDED.payment_confirmed_at;


INSERT INTO appointments (
  id, therapist_id, patient_contact_id, patient_email, patient_name,
  patient_phone, consultation_reason, appointment_date,
  start_time, end_time, status, notes, created_at, updated_at
) VALUES
  (
    '674842fa-8fca-4d7a-a824-9029aa355dda',
    'a687d924-bbac-4053-9ede-2397bd1119cb',
    '674842fa-8fca-4d7a-a824-9029aa355dda',
    'tutupololo@gmail.com',
    'Luigui A.',
    '862363303',
    'Problemas psicológicos',
    '2025-12-27',
    '21:00:00',
    '22:00:00',
    'confirmed',
    NULL,
    '2025-12-25 23:37:52',
    '2026-01-03 17:20:50'
  )
 ON CONFLICT (id) DO UPDATE SET 
  status = EXCLUDED.status,
  notes = EXCLUDED.notes,
  updated_at = EXCLUDED.updated_at;


INSERT INTO appointment_payments (
  id, appointment_id, original_price, discount_applied,
  final_price, amount_paid, payment_method, payment_confirmed_at, created_at, updated_at
) VALUES
  (
    gen_random_uuid(),
    '674842fa-8fca-4d7a-a824-9029aa355dda',
    0,
    0,
    0,
    NULL,
    'Yape/Plin',
    NULL,
    '2025-12-25 23:37:52',
    '2026-01-03 17:20:50'
  )
 ON CONFLICT (id) DO UPDATE SET 
  original_price = EXCLUDED.original_price,
  discount_applied = EXCLUDED.discount_applied,
  final_price = EXCLUDED.final_price,
  amount_paid = EXCLUDED.amount_paid,
  payment_method = EXCLUDED.payment_method,
  payment_confirmed_at = EXCLUDED.payment_confirmed_at;


INSERT INTO appointments (
  id, therapist_id, patient_contact_id, patient_email, patient_name,
  patient_phone, consultation_reason, appointment_date,
  start_time, end_time, status, notes, created_at, updated_at
) VALUES
  (
    '5c60f6da-bc6f-45ab-9300-38f3513d07c7',
    '9b5479e0-1ff6-429e-a03f-a7f7183fa24e',
    '5c60f6da-bc6f-45ab-9300-38f3513d07c7',
    'luisalbertolopezj@gmail.com',
    'Luis Alberto López Julca',
    '926297456',
    'Personal',
    '2026-01-04',
    '08:00:00',
    '09:00:00',
    'confirmed',
    NULL,
    '2026-01-02 18:30:02',
    '2026-01-03 17:19:55'
  )
 ON CONFLICT (id) DO UPDATE SET 
  status = EXCLUDED.status,
  notes = EXCLUDED.notes,
  updated_at = EXCLUDED.updated_at;


INSERT INTO appointment_payments (
  id, appointment_id, original_price, discount_applied,
  final_price, amount_paid, payment_method, payment_confirmed_at, created_at, updated_at
) VALUES
  (
    gen_random_uuid(),
    '5c60f6da-bc6f-45ab-9300-38f3513d07c7',
    25,
    0,
    25,
    25,
    'Yape/Plin',
    '2026-01-02 18:30:21',
    '2026-01-02 18:30:02',
    '2026-01-03 17:19:55'
  )
 ON CONFLICT (id) DO UPDATE SET 
  original_price = EXCLUDED.original_price,
  discount_applied = EXCLUDED.discount_applied,
  final_price = EXCLUDED.final_price,
  amount_paid = EXCLUDED.amount_paid,
  payment_method = EXCLUDED.payment_method,
  payment_confirmed_at = EXCLUDED.payment_confirmed_at;


INSERT INTO appointments (
  id, therapist_id, patient_contact_id, patient_email, patient_name,
  patient_phone, consultation_reason, appointment_date,
  start_time, end_time, status, notes, created_at, updated_at
) VALUES
  (
    'da3c7458-b011-4aa0-b811-a877f2c8eaf4',
    'a687d924-bbac-4053-9ede-2397bd1119cb',
    '674842fa-8fca-4d7a-a824-9029aa355dda',
    'tutupololo@gmail.com',
    'Luigui A.',
    '862363303',
    'Follow-up ( second session )',
    '2026-01-24',
    '09:00:00',
    '10:00:00',
    'confirmed',
    NULL,
    '2025-12-28 04:21:14',
    '2026-01-03 17:20:41'
  )
 ON CONFLICT (id) DO UPDATE SET 
  status = EXCLUDED.status,
  notes = EXCLUDED.notes,
  updated_at = EXCLUDED.updated_at;


INSERT INTO appointment_payments (
  id, appointment_id, original_price, discount_applied,
  final_price, amount_paid, payment_method, payment_confirmed_at, created_at, updated_at
) VALUES
  (
    gen_random_uuid(),
    'da3c7458-b011-4aa0-b811-a877f2c8eaf4',
    25,
    0,
    25,
    25,
    'Yape/Plin',
    '2025-12-28 05:31:43',
    '2025-12-28 04:21:14',
    '2026-01-03 17:20:41'
  )
 ON CONFLICT (id) DO UPDATE SET 
  original_price = EXCLUDED.original_price,
  discount_applied = EXCLUDED.discount_applied,
  final_price = EXCLUDED.final_price,
  amount_paid = EXCLUDED.amount_paid,
  payment_method = EXCLUDED.payment_method,
  payment_confirmed_at = EXCLUDED.payment_confirmed_at;


INSERT INTO appointments (
  id, therapist_id, patient_contact_id, patient_email, patient_name,
  patient_phone, consultation_reason, appointment_date,
  start_time, end_time, status, notes, created_at, updated_at
) VALUES
  (
    'af83863a-06c8-4c50-b525-b22735e5c504',
    '86457749-cfc3-4921-8b59-7cbcce6f1798',
    'af83863a-06c8-4c50-b525-b22735e5c504',
    'andrearostegui1@gmail.com',
    'Andrea  Arostegui Palomino',
    '966361670',
    'Problemas familiares, amorosos y superación personal',
    '2026-01-05',
    '15:00:00',
    '16:00:00',
    'confirmed',
    NULL,
    '2026-01-04 21:40:37',
    '2026-01-04 21:43:46'
  )
 ON CONFLICT (id) DO UPDATE SET 
  status = EXCLUDED.status,
  notes = EXCLUDED.notes,
  updated_at = EXCLUDED.updated_at;


INSERT INTO appointment_payments (
  id, appointment_id, original_price, discount_applied,
  final_price, amount_paid, payment_method, payment_confirmed_at, created_at, updated_at
) VALUES
  (
    gen_random_uuid(),
    'af83863a-06c8-4c50-b525-b22735e5c504',
    25,
    0,
    25,
    25,
    'Yape/Plin',
    '2026-01-04 21:43:45',
    '2026-01-04 21:40:37',
    '2026-01-04 21:43:46'
  )
 ON CONFLICT (id) DO UPDATE SET 
  original_price = EXCLUDED.original_price,
  discount_applied = EXCLUDED.discount_applied,
  final_price = EXCLUDED.final_price,
  amount_paid = EXCLUDED.amount_paid,
  payment_method = EXCLUDED.payment_method,
  payment_confirmed_at = EXCLUDED.payment_confirmed_at;


INSERT INTO appointments (
  id, therapist_id, patient_contact_id, patient_email, patient_name,
  patient_phone, consultation_reason, appointment_date,
  start_time, end_time, status, notes, created_at, updated_at
) VALUES
  (
    '2a1cf8d8-d077-45d4-9cbf-d712d4b553df',
    '86457749-cfc3-4921-8b59-7cbcce6f1798',
    '2a1cf8d8-d077-45d4-9cbf-d712d4b553df',
    'maxalexjavejimenez8@gmail.com',
    'Max Alex Jave Jimenez',
    '906046853',
    'Ruptura amorosa',
    '2026-01-16',
    '11:00:00',
    '12:00:00',
    'confirmed',
    NULL,
    '2026-01-13 18:09:47',
    '2026-01-13 20:20:31'
  )
 ON CONFLICT (id) DO UPDATE SET 
  status = EXCLUDED.status,
  notes = EXCLUDED.notes,
  updated_at = EXCLUDED.updated_at;


INSERT INTO appointment_payments (
  id, appointment_id, original_price, discount_applied,
  final_price, amount_paid, payment_method, payment_confirmed_at, created_at, updated_at
) VALUES
  (
    gen_random_uuid(),
    '2a1cf8d8-d077-45d4-9cbf-d712d4b553df',
    25,
    0,
    25,
    25,
    'Yape/Plin',
    '2026-01-13 20:20:30',
    '2026-01-13 18:09:47',
    '2026-01-13 20:20:31'
  )
 ON CONFLICT (id) DO UPDATE SET 
  original_price = EXCLUDED.original_price,
  discount_applied = EXCLUDED.discount_applied,
  final_price = EXCLUDED.final_price,
  amount_paid = EXCLUDED.amount_paid,
  payment_method = EXCLUDED.payment_method,
  payment_confirmed_at = EXCLUDED.payment_confirmed_at;


INSERT INTO appointments (
  id, therapist_id, patient_contact_id, patient_email, patient_name,
  patient_phone, consultation_reason, appointment_date,
  start_time, end_time, status, notes, created_at, updated_at
) VALUES
  (
    '4340f2b7-bbdb-4df6-b949-7d5398428f38',
    '0121f625-66d4-4463-8085-10e4ebca6c80',
    '4340f2b7-bbdb-4df6-b949-7d5398428f38',
    'amacias@ulima.edu.pe',
    'Alvaro Macías',
    '99999999',
    'PRUEBA',
    '2026-01-14',
    '17:00:00',
    '18:00:00',
    'payment_review',
    NULL,
    '2026-01-13 22:17:05',
    '2026-01-13 22:17:38'
  )
 ON CONFLICT (id) DO UPDATE SET 
  status = EXCLUDED.status,
  notes = EXCLUDED.notes,
  updated_at = EXCLUDED.updated_at;


INSERT INTO appointment_payments (
  id, appointment_id, original_price, discount_applied,
  final_price, amount_paid, payment_method, payment_confirmed_at, created_at, updated_at
) VALUES
  (
    gen_random_uuid(),
    '4340f2b7-bbdb-4df6-b949-7d5398428f38',
    25,
    0,
    25,
    NULL,
    'Yape/Plin',
    NULL,
    '2026-01-13 22:17:05',
    '2026-01-13 22:17:38'
  )
 ON CONFLICT (id) DO UPDATE SET 
  original_price = EXCLUDED.original_price,
  discount_applied = EXCLUDED.discount_applied,
  final_price = EXCLUDED.final_price,
  amount_paid = EXCLUDED.amount_paid,
  payment_method = EXCLUDED.payment_method,
  payment_confirmed_at = EXCLUDED.payment_confirmed_at;


INSERT INTO appointments (
  id, therapist_id, patient_contact_id, patient_email, patient_name,
  patient_phone, consultation_reason, appointment_date,
  start_time, end_time, status, notes, created_at, updated_at
) VALUES
  (
    'cfd7fce9-a8ae-4b5d-9f85-3875a5941b19',
    '86457749-cfc3-4921-8b59-7cbcce6f1798',
    'cfd7fce9-a8ae-4b5d-9f85-3875a5941b19',
    'jessyyauri5@gmail.com',
    'Jessy Yauri',
    '992100201',
    'No puedo decidir entre dos carreras para estudiar',
    '2026-01-05',
    '17:00:00',
    '18:00:00',
    'confirmed',
    NULL,
    '2026-01-05 04:12:37',
    '2026-01-05 04:39:21'
  )
 ON CONFLICT (id) DO UPDATE SET 
  status = EXCLUDED.status,
  notes = EXCLUDED.notes,
  updated_at = EXCLUDED.updated_at;


INSERT INTO appointment_payments (
  id, appointment_id, original_price, discount_applied,
  final_price, amount_paid, payment_method, payment_confirmed_at, created_at, updated_at
) VALUES
  (
    gen_random_uuid(),
    'cfd7fce9-a8ae-4b5d-9f85-3875a5941b19',
    25,
    0,
    25,
    25,
    'Yape/Plin',
    '2026-01-05 04:39:20',
    '2026-01-05 04:12:37',
    '2026-01-05 04:39:21'
  )
 ON CONFLICT (id) DO UPDATE SET 
  original_price = EXCLUDED.original_price,
  discount_applied = EXCLUDED.discount_applied,
  final_price = EXCLUDED.final_price,
  amount_paid = EXCLUDED.amount_paid,
  payment_method = EXCLUDED.payment_method,
  payment_confirmed_at = EXCLUDED.payment_confirmed_at;


INSERT INTO appointments (
  id, therapist_id, patient_contact_id, patient_email, patient_name,
  patient_phone, consultation_reason, appointment_date,
  start_time, end_time, status, notes, created_at, updated_at
) VALUES
  (
    '56819bd2-b3c3-4737-83dc-266983d95fe6',
    'a687d924-bbac-4053-9ede-2397bd1119cb',
    '56819bd2-b3c3-4737-83dc-266983d95fe6',
    'pepegrillo@gmail.com',
    'pepe Grillo',
    '999999999',
    'ESTRESS',
    '2026-01-16',
    '12:00:00',
    '13:00:00',
    'payment_review',
    NULL,
    '2026-01-15 15:25:03',
    '2026-01-15 15:25:16'
  )
 ON CONFLICT (id) DO UPDATE SET 
  status = EXCLUDED.status,
  notes = EXCLUDED.notes,
  updated_at = EXCLUDED.updated_at;


INSERT INTO appointment_payments (
  id, appointment_id, original_price, discount_applied,
  final_price, amount_paid, payment_method, payment_confirmed_at, created_at, updated_at
) VALUES
  (
    gen_random_uuid(),
    '56819bd2-b3c3-4737-83dc-266983d95fe6',
    25,
    0,
    25,
    NULL,
    'Yape/Plin',
    NULL,
    '2026-01-15 15:25:03',
    '2026-01-15 15:25:16'
  )
 ON CONFLICT (id) DO UPDATE SET 
  original_price = EXCLUDED.original_price,
  discount_applied = EXCLUDED.discount_applied,
  final_price = EXCLUDED.final_price,
  amount_paid = EXCLUDED.amount_paid,
  payment_method = EXCLUDED.payment_method,
  payment_confirmed_at = EXCLUDED.payment_confirmed_at;


INSERT INTO appointments (
  id, therapist_id, patient_contact_id, patient_email, patient_name,
  patient_phone, consultation_reason, appointment_date,
  start_time, end_time, status, notes, created_at, updated_at
) VALUES
  (
    'e599e778-2f95-4bf0-b173-92cb12de85f8',
    '5ac03ce1-2d2a-40bc-aaef-6e8264cd0cbc',
    'e599e778-2f95-4bf0-b173-92cb12de85f8',
    'marjuarezzz.06@gmail.com',
    'Mariana  Juárez',
    '948760235',
    'Problemas de pareja',
    '2025-12-26',
    '19:00:00',
    '20:00:00',
    'confirmed',
    NULL,
    '2025-12-25 23:37:35',
    '2025-12-26 00:00:58'
  )
 ON CONFLICT (id) DO UPDATE SET 
  status = EXCLUDED.status,
  notes = EXCLUDED.notes,
  updated_at = EXCLUDED.updated_at;


INSERT INTO appointment_payments (
  id, appointment_id, original_price, discount_applied,
  final_price, amount_paid, payment_method, payment_confirmed_at, created_at, updated_at
) VALUES
  (
    gen_random_uuid(),
    'e599e778-2f95-4bf0-b173-92cb12de85f8',
    0,
    0,
    0,
    NULL,
    'Yape/Plin',
    NULL,
    '2025-12-25 23:37:35',
    '2025-12-26 00:00:58'
  )
 ON CONFLICT (id) DO UPDATE SET 
  original_price = EXCLUDED.original_price,
  discount_applied = EXCLUDED.discount_applied,
  final_price = EXCLUDED.final_price,
  amount_paid = EXCLUDED.amount_paid,
  payment_method = EXCLUDED.payment_method,
  payment_confirmed_at = EXCLUDED.payment_confirmed_at;


INSERT INTO appointments (
  id, therapist_id, patient_contact_id, patient_email, patient_name,
  patient_phone, consultation_reason, appointment_date,
  start_time, end_time, status, notes, created_at, updated_at
) VALUES
  (
    '226e4fc7-1799-4bf1-8174-8268f7309217',
    '5ac03ce1-2d2a-40bc-aaef-6e8264cd0cbc',
    '59bf3ae8-ec15-4fcb-a04b-27aae5f9518c',
    'agenda123@gmail.com',
    'Agenda  Directa',
    '949742932',
    'ANDRÉ QUISPE: PROBLEMAS PARA SOSTENER HÁBITOS',
    '2026-01-10',
    '14:00:00',
    '15:00:00',
    'confirmed',
    NULL,
    '2026-01-08 02:10:16',
    '2026-01-08 02:10:31'
  )
 ON CONFLICT (id) DO UPDATE SET 
  status = EXCLUDED.status,
  notes = EXCLUDED.notes,
  updated_at = EXCLUDED.updated_at;


INSERT INTO appointment_payments (
  id, appointment_id, original_price, discount_applied,
  final_price, amount_paid, payment_method, payment_confirmed_at, created_at, updated_at
) VALUES
  (
    gen_random_uuid(),
    '226e4fc7-1799-4bf1-8174-8268f7309217',
    25,
    0,
    25,
    25,
    'Yape/Plin',
    '2026-01-08 02:10:31',
    '2026-01-08 02:10:16',
    '2026-01-08 02:10:31'
  )
 ON CONFLICT (id) DO UPDATE SET 
  original_price = EXCLUDED.original_price,
  discount_applied = EXCLUDED.discount_applied,
  final_price = EXCLUDED.final_price,
  amount_paid = EXCLUDED.amount_paid,
  payment_method = EXCLUDED.payment_method,
  payment_confirmed_at = EXCLUDED.payment_confirmed_at;


-- ============================================================================
-- 5. MIGRACIÓN DE CÓDIGOS PROMOCIONALES
-- ============================================================================

INSERT INTO promo_codes (
  id, code, is_active, discount_percent, base_price,
  max_uses_total, max_uses_per_user, max_sessions,
  valid_from, valid_until, uses_count, created_at, updated_at
) VALUES
  (
    '7dbb3e1a-a9e2-46e0-83d6-bd3470dc856c',
    'ANDRES40',
    TRUE,
    40,
    25,
    NULL,
    2,
    2,
    NULL,
    NULL,
    0,
    '2026-01-07 00:47:04',
    '2026-01-08 02:52:58'
  )
 ON CONFLICT (code) DO UPDATE SET 
  is_active = EXCLUDED.is_active,
  discount_percent = EXCLUDED.discount_percent,
  base_price = EXCLUDED.base_price,
  max_uses_total = EXCLUDED.max_uses_total,
  max_uses_per_user = EXCLUDED.max_uses_per_user,
  max_sessions = EXCLUDED.max_sessions,
  uses_count = EXCLUDED.uses_count;


INSERT INTO promo_codes (
  id, code, is_active, discount_percent, base_price,
  max_uses_total, max_uses_per_user, max_sessions,
  valid_from, valid_until, uses_count, created_at, updated_at
) VALUES
  (
    'ed392d68-67c0-4f3e-b7f8-23ba779634ef',
    'ELIANA100',
    TRUE,
    100,
    25,
    15,
    3,
    3,
    NULL,
    NULL,
    0,
    '2026-01-08 03:11:02',
    '2026-01-08 03:11:02'
  )
 ON CONFLICT (code) DO UPDATE SET 
  is_active = EXCLUDED.is_active,
  discount_percent = EXCLUDED.discount_percent,
  base_price = EXCLUDED.base_price,
  max_uses_total = EXCLUDED.max_uses_total,
  max_uses_per_user = EXCLUDED.max_uses_per_user,
  max_sessions = EXCLUDED.max_sessions,
  uses_count = EXCLUDED.uses_count;


INSERT INTO promo_codes (
  id, code, is_active, discount_percent, base_price,
  max_uses_total, max_uses_per_user, max_sessions,
  valid_from, valid_until, uses_count, created_at, updated_at
) VALUES
  (
    'dbd0a346-a437-4d2b-a6d7-06530d5a42cb',
    'UNMSM100',
    TRUE,
    100,
    25,
    NULL,
    1,
    1,
    NULL,
    NULL,
    0,
    '2026-01-08 03:11:50',
    '2026-01-08 03:11:50'
  )
 ON CONFLICT (code) DO UPDATE SET 
  is_active = EXCLUDED.is_active,
  discount_percent = EXCLUDED.discount_percent,
  base_price = EXCLUDED.base_price,
  max_uses_total = EXCLUDED.max_uses_total,
  max_uses_per_user = EXCLUDED.max_uses_per_user,
  max_sessions = EXCLUDED.max_sessions,
  uses_count = EXCLUDED.uses_count;


INSERT INTO promo_codes (
  id, code, is_active, discount_percent, base_price,
  max_uses_total, max_uses_per_user, max_sessions,
  valid_from, valid_until, uses_count, created_at, updated_at
) VALUES
  (
    'f014dd46-ccfc-4512-afba-9a29b79e5b60',
    'COSTEO100',
    TRUE,
    100,
    25,
    NULL,
    2,
    2,
    NULL,
    NULL,
    0,
    '2026-01-08 02:53:08',
    '2026-01-09 03:24:15'
  )
 ON CONFLICT (code) DO UPDATE SET 
  is_active = EXCLUDED.is_active,
  discount_percent = EXCLUDED.discount_percent,
  base_price = EXCLUDED.base_price,
  max_uses_total = EXCLUDED.max_uses_total,
  max_uses_per_user = EXCLUDED.max_uses_per_user,
  max_sessions = EXCLUDED.max_sessions,
  uses_count = EXCLUDED.uses_count;


INSERT INTO promo_codes (
  id, code, is_active, discount_percent, base_price,
  max_uses_total, max_uses_per_user, max_sessions,
  valid_from, valid_until, uses_count, created_at, updated_at
) VALUES
  (
    '62e177c9-f7e6-4af6-98c9-2fa1ebfb3fcf',
    'FRABI100',
    TRUE,
    100,
    25,
    NULL,
    15,
    4,
    NULL,
    NULL,
    0,
    '2026-01-10 19:53:50',
    '2026-01-10 19:53:50'
  )
 ON CONFLICT (code) DO UPDATE SET 
  is_active = EXCLUDED.is_active,
  discount_percent = EXCLUDED.discount_percent,
  base_price = EXCLUDED.base_price,
  max_uses_total = EXCLUDED.max_uses_total,
  max_uses_per_user = EXCLUDED.max_uses_per_user,
  max_sessions = EXCLUDED.max_sessions,
  uses_count = EXCLUDED.uses_count;


INSERT INTO promo_codes (
  id, code, is_active, discount_percent, base_price,
  max_uses_total, max_uses_per_user, max_sessions,
  valid_from, valid_until, uses_count, created_at, updated_at
) VALUES
  (
    '39bb1394-4dc7-4117-a292-4b02438e067b',
    'CAYCHOCABANILLAS',
    TRUE,
    60,
    50,
    15,
    4,
    4,
    '2026-01-13 00:00:00',
    '2026-02-20 00:00:00',
    0,
    '2026-01-13 14:57:04',
    '2026-01-13 14:57:04'
  )
 ON CONFLICT (code) DO UPDATE SET 
  is_active = EXCLUDED.is_active,
  discount_percent = EXCLUDED.discount_percent,
  base_price = EXCLUDED.base_price,
  max_uses_total = EXCLUDED.max_uses_total,
  max_uses_per_user = EXCLUDED.max_uses_per_user,
  max_sessions = EXCLUDED.max_sessions,
  uses_count = EXCLUDED.uses_count;


-- ============================================================================
-- 6. USOS DE CÓDIGOS PROMOCIONALES
-- ============================================================================

INSERT INTO promo_code_uses (
  id, promo_code_id, user_email, appointment_id,
  discount_applied, final_amount, created_at
) VALUES
  (
    '2796b947-c746-4d89-8645-fd4401ff1211',
    '7dbb3e1a-a9e2-46e0-83d6-bd3470dc856c',
    'agenda123@gmail.com',
    NULL,
    10,
    15,
    '2026-01-08 02:01:58'
  )
 ON CONFLICT (id) DO UPDATE SET 
  discount_applied = EXCLUDED.discount_applied,
  final_amount = EXCLUDED.final_amount;


INSERT INTO promo_code_uses (
  id, promo_code_id, user_email, appointment_id,
  discount_applied, final_amount, created_at
) VALUES
  (
    '92a22ccc-e483-4c83-9e94-57181b8eb1e2',
    'f014dd46-ccfc-4512-afba-9a29b79e5b60',
    'danazuloeta7@gmail.com',
    NULL,
    25,
    0,
    '2026-01-09 03:27:05'
  )
 ON CONFLICT (id) DO UPDATE SET 
  discount_applied = EXCLUDED.discount_applied,
  final_amount = EXCLUDED.final_amount;


INSERT INTO promo_code_uses (
  id, promo_code_id, user_email, appointment_id,
  discount_applied, final_amount, created_at
) VALUES
  (
    '94ebad5f-8da3-4e09-b5b7-ddffba635197',
    'f014dd46-ccfc-4512-afba-9a29b79e5b60',
    'agenda123@gmail.com',
    NULL,
    25,
    0,
    '2026-01-09 15:35:04'
  )
 ON CONFLICT (id) DO UPDATE SET 
  discount_applied = EXCLUDED.discount_applied,
  final_amount = EXCLUDED.final_amount;


INSERT INTO promo_code_uses (
  id, promo_code_id, user_email, appointment_id,
  discount_applied, final_amount, created_at
) VALUES
  (
    'ff586755-a93c-43d7-b60c-a6987993c785',
    'f014dd46-ccfc-4512-afba-9a29b79e5b60',
    'pepegrillo@gmail.com',
    NULL,
    25,
    0,
    '2026-01-09 03:30:56'
  )
 ON CONFLICT (id) DO UPDATE SET 
  discount_applied = EXCLUDED.discount_applied,
  final_amount = EXCLUDED.final_amount;


INSERT INTO promo_code_uses (
  id, promo_code_id, user_email, appointment_id,
  discount_applied, final_amount, created_at
) VALUES
  (
    'cdc1ddf3-31ec-4673-9868-00c6633c76bb',
    'dbd0a346-a437-4d2b-a6d7-06530d5a42cb',
    'andres.chaupis@unmsm.edu.pe',
    NULL,
    25,
    0,
    '2026-01-10 00:38:43'
  )
 ON CONFLICT (id) DO UPDATE SET 
  discount_applied = EXCLUDED.discount_applied,
  final_amount = EXCLUDED.final_amount;


-- ============================================================================
-- 7. MIGRACIÓN DE HORARIOS SEMANALES
-- ============================================================================

INSERT INTO weekly_schedules (
  id, therapist_id, day_of_week,
  start_time, end_time, is_active, created_at, updated_at
) VALUES
  (
    'ef0b0c13-b67a-407f-a982-0b01352733ee',
    '0121f625-66d4-4463-8085-10e4ebca6c80',
    6,
    '21:00:00',
    '22:00:00',
    TRUE,
    '2025-12-24 00:12:27',
    '2025-12-25 19:23:28'
  )
 ON CONFLICT (therapist_id, day_of_week, start_time) DO UPDATE SET 
  start_time = EXCLUDED.start_time,
  end_time = EXCLUDED.end_time,
  is_active = EXCLUDED.is_active;


INSERT INTO weekly_schedules (
  id, therapist_id, day_of_week,
  start_time, end_time, is_active, created_at, updated_at
) VALUES
  (
    '19665e10-a3ba-486a-aa7a-92eed9644b4e',
    'e90b5ecd-81e5-4e60-b0b2-9ad8cbc239d6',
    7,
    '08:00:00',
    '09:00:00',
    TRUE,
    '2025-12-24 00:12:31',
    '2025-12-25 19:23:28'
  )
 ON CONFLICT (therapist_id, day_of_week, start_time) DO UPDATE SET 
  start_time = EXCLUDED.start_time,
  end_time = EXCLUDED.end_time,
  is_active = EXCLUDED.is_active;


INSERT INTO weekly_schedules (
  id, therapist_id, day_of_week,
  start_time, end_time, is_active, created_at, updated_at
) VALUES
  (
    'e0f5db8b-0916-47b8-abd2-351ecca004d2',
    '5ac03ce1-2d2a-40bc-aaef-6e8264cd0cbc',
    7,
    '08:00:00',
    '09:00:00',
    TRUE,
    '2025-12-24 00:12:39',
    '2025-12-25 19:23:28'
  )
 ON CONFLICT (therapist_id, day_of_week, start_time) DO UPDATE SET 
  start_time = EXCLUDED.start_time,
  end_time = EXCLUDED.end_time,
  is_active = EXCLUDED.is_active;


INSERT INTO weekly_schedules (
  id, therapist_id, day_of_week,
  start_time, end_time, is_active, created_at, updated_at
) VALUES
  (
    '88264cab-d0d2-4138-9dda-826ec0ac3774',
    'eb03957b-55f3-4301-87a4-a6fc020c9360',
    6,
    '21:00:00',
    '22:00:00',
    TRUE,
    '2025-12-24 00:10:57',
    '2025-12-25 19:23:28'
  )
 ON CONFLICT (therapist_id, day_of_week, start_time) DO UPDATE SET 
  start_time = EXCLUDED.start_time,
  end_time = EXCLUDED.end_time,
  is_active = EXCLUDED.is_active;


INSERT INTO weekly_schedules (
  id, therapist_id, day_of_week,
  start_time, end_time, is_active, created_at, updated_at
) VALUES
  (
    'f1d3d032-5cb9-4c4f-8552-727c8767ee4e',
    '6fdc471e-04e9-4f87-90a6-ebbbe6131522',
    1,
    '08:00:00',
    '12:00:00',
    TRUE,
    '2026-01-08 00:52:02',
    '2026-01-08 00:52:02'
  )
 ON CONFLICT (therapist_id, day_of_week, start_time) DO UPDATE SET 
  start_time = EXCLUDED.start_time,
  end_time = EXCLUDED.end_time,
  is_active = EXCLUDED.is_active;


INSERT INTO weekly_schedules (
  id, therapist_id, day_of_week,
  start_time, end_time, is_active, created_at, updated_at
) VALUES
  (
    '9120a238-5231-46ad-946c-5af998259f56',
    '6fdc471e-04e9-4f87-90a6-ebbbe6131522',
    1,
    '14:00:00',
    '18:00:00',
    TRUE,
    '2026-01-08 00:52:02',
    '2026-01-08 00:52:02'
  )
 ON CONFLICT (therapist_id, day_of_week, start_time) DO UPDATE SET 
  start_time = EXCLUDED.start_time,
  end_time = EXCLUDED.end_time,
  is_active = EXCLUDED.is_active;


INSERT INTO weekly_schedules (
  id, therapist_id, day_of_week,
  start_time, end_time, is_active, created_at, updated_at
) VALUES
  (
    '2b26a059-083f-44c9-aa9e-66cfc4f6d369',
    '6fdc471e-04e9-4f87-90a6-ebbbe6131522',
    2,
    '08:00:00',
    '12:00:00',
    TRUE,
    '2026-01-08 00:52:02',
    '2026-01-08 00:52:02'
  )
 ON CONFLICT (therapist_id, day_of_week, start_time) DO UPDATE SET 
  start_time = EXCLUDED.start_time,
  end_time = EXCLUDED.end_time,
  is_active = EXCLUDED.is_active;


INSERT INTO weekly_schedules (
  id, therapist_id, day_of_week,
  start_time, end_time, is_active, created_at, updated_at
) VALUES
  (
    '4fef0d6f-72e8-4d03-9f2d-9b7690647fc2',
    '6fdc471e-04e9-4f87-90a6-ebbbe6131522',
    2,
    '14:00:00',
    '18:00:00',
    TRUE,
    '2026-01-08 00:52:02',
    '2026-01-08 00:52:02'
  )
 ON CONFLICT (therapist_id, day_of_week, start_time) DO UPDATE SET 
  start_time = EXCLUDED.start_time,
  end_time = EXCLUDED.end_time,
  is_active = EXCLUDED.is_active;


INSERT INTO weekly_schedules (
  id, therapist_id, day_of_week,
  start_time, end_time, is_active, created_at, updated_at
) VALUES
  (
    'b3458bce-e22a-460a-b9de-c660d7f5a579',
    '6fdc471e-04e9-4f87-90a6-ebbbe6131522',
    3,
    '08:00:00',
    '12:00:00',
    TRUE,
    '2026-01-08 00:52:02',
    '2026-01-08 00:52:02'
  )
 ON CONFLICT (therapist_id, day_of_week, start_time) DO UPDATE SET 
  start_time = EXCLUDED.start_time,
  end_time = EXCLUDED.end_time,
  is_active = EXCLUDED.is_active;


INSERT INTO weekly_schedules (
  id, therapist_id, day_of_week,
  start_time, end_time, is_active, created_at, updated_at
) VALUES
  (
    '871f16f3-05cc-41c8-9288-fc69b6f986d2',
    '6fdc471e-04e9-4f87-90a6-ebbbe6131522',
    3,
    '14:00:00',
    '18:00:00',
    TRUE,
    '2026-01-08 00:52:02',
    '2026-01-08 00:52:02'
  )
 ON CONFLICT (therapist_id, day_of_week, start_time) DO UPDATE SET 
  start_time = EXCLUDED.start_time,
  end_time = EXCLUDED.end_time,
  is_active = EXCLUDED.is_active;


INSERT INTO weekly_schedules (
  id, therapist_id, day_of_week,
  start_time, end_time, is_active, created_at, updated_at
) VALUES
  (
    'f4022e8d-4290-467a-b546-90c8e45d1e1b',
    '6fdc471e-04e9-4f87-90a6-ebbbe6131522',
    4,
    '08:00:00',
    '12:00:00',
    TRUE,
    '2026-01-08 00:52:02',
    '2026-01-08 00:52:02'
  )
 ON CONFLICT (therapist_id, day_of_week, start_time) DO UPDATE SET 
  start_time = EXCLUDED.start_time,
  end_time = EXCLUDED.end_time,
  is_active = EXCLUDED.is_active;


INSERT INTO weekly_schedules (
  id, therapist_id, day_of_week,
  start_time, end_time, is_active, created_at, updated_at
) VALUES
  (
    'ebdcccce-26d5-42a9-9994-8e1b3a81bbc2',
    '6fdc471e-04e9-4f87-90a6-ebbbe6131522',
    4,
    '14:00:00',
    '18:00:00',
    TRUE,
    '2026-01-08 00:52:02',
    '2026-01-08 00:52:02'
  )
 ON CONFLICT (therapist_id, day_of_week, start_time) DO UPDATE SET 
  start_time = EXCLUDED.start_time,
  end_time = EXCLUDED.end_time,
  is_active = EXCLUDED.is_active;


INSERT INTO weekly_schedules (
  id, therapist_id, day_of_week,
  start_time, end_time, is_active, created_at, updated_at
) VALUES
  (
    '970744c3-08bf-4f5a-9c63-5a69afd03ac4',
    '6fdc471e-04e9-4f87-90a6-ebbbe6131522',
    5,
    '08:00:00',
    '12:00:00',
    TRUE,
    '2026-01-08 00:52:02',
    '2026-01-08 00:52:02'
  )
 ON CONFLICT (therapist_id, day_of_week, start_time) DO UPDATE SET 
  start_time = EXCLUDED.start_time,
  end_time = EXCLUDED.end_time,
  is_active = EXCLUDED.is_active;


INSERT INTO weekly_schedules (
  id, therapist_id, day_of_week,
  start_time, end_time, is_active, created_at, updated_at
) VALUES
  (
    '1675ed56-be88-48f5-a29c-130022a5363e',
    '9f897d20-f406-4ee1-b29f-947f593822bf',
    7,
    '08:00:00',
    '09:00:00',
    TRUE,
    '2025-12-24 00:08:29',
    '2025-12-25 19:23:28'
  )
 ON CONFLICT (therapist_id, day_of_week, start_time) DO UPDATE SET 
  start_time = EXCLUDED.start_time,
  end_time = EXCLUDED.end_time,
  is_active = EXCLUDED.is_active;


INSERT INTO weekly_schedules (
  id, therapist_id, day_of_week,
  start_time, end_time, is_active, created_at, updated_at
) VALUES
  (
    '326b3147-99a2-402a-9386-05856214cbe5',
    'a687d924-bbac-4053-9ede-2397bd1119cb',
    6,
    '21:00:00',
    '22:00:00',
    TRUE,
    '2025-12-24 00:08:37',
    '2025-12-25 19:23:28'
  )
 ON CONFLICT (therapist_id, day_of_week, start_time) DO UPDATE SET 
  start_time = EXCLUDED.start_time,
  end_time = EXCLUDED.end_time,
  is_active = EXCLUDED.is_active;


INSERT INTO weekly_schedules (
  id, therapist_id, day_of_week,
  start_time, end_time, is_active, created_at, updated_at
) VALUES
  (
    '2f54334e-a82e-42f1-8364-65d2a2bfe95c',
    '9b5479e0-1ff6-429e-a03f-a7f7183fa24e',
    6,
    '21:00:00',
    '22:00:00',
    TRUE,
    '2025-12-24 00:08:43',
    '2025-12-25 19:23:28'
  )
 ON CONFLICT (therapist_id, day_of_week, start_time) DO UPDATE SET 
  start_time = EXCLUDED.start_time,
  end_time = EXCLUDED.end_time,
  is_active = EXCLUDED.is_active;


INSERT INTO weekly_schedules (
  id, therapist_id, day_of_week,
  start_time, end_time, is_active, created_at, updated_at
) VALUES
  (
    'b7808f60-ad85-4f83-b19d-d7029fbf73da',
    '6fdc471e-04e9-4f87-90a6-ebbbe6131522',
    5,
    '14:00:00',
    '18:00:00',
    TRUE,
    '2026-01-08 00:52:02',
    '2026-01-08 00:52:02'
  )
 ON CONFLICT (therapist_id, day_of_week, start_time) DO UPDATE SET 
  start_time = EXCLUDED.start_time,
  end_time = EXCLUDED.end_time,
  is_active = EXCLUDED.is_active;


INSERT INTO weekly_schedules (
  id, therapist_id, day_of_week,
  start_time, end_time, is_active, created_at, updated_at
) VALUES
  (
    '765ded22-744c-4117-9a60-cbb591a3b4a5',
    '6fdc471e-04e9-4f87-90a6-ebbbe6131522',
    6,
    '09:00:00',
    '12:00:00',
    TRUE,
    '2026-01-08 00:52:02',
    '2026-01-08 00:52:02'
  )
 ON CONFLICT (therapist_id, day_of_week, start_time) DO UPDATE SET 
  start_time = EXCLUDED.start_time,
  end_time = EXCLUDED.end_time,
  is_active = EXCLUDED.is_active;


INSERT INTO weekly_schedules (
  id, therapist_id, day_of_week,
  start_time, end_time, is_active, created_at, updated_at
) VALUES
  (
    '547cd489-82b2-49a4-883e-c0abf3d660dd',
    '86457749-cfc3-4921-8b59-7cbcce6f1798',
    6,
    '21:00:00',
    '22:00:00',
    TRUE,
    '2025-12-24 00:08:48',
    '2025-12-25 19:23:28'
  )
 ON CONFLICT (therapist_id, day_of_week, start_time) DO UPDATE SET 
  start_time = EXCLUDED.start_time,
  end_time = EXCLUDED.end_time,
  is_active = EXCLUDED.is_active;


INSERT INTO weekly_schedules (
  id, therapist_id, day_of_week,
  start_time, end_time, is_active, created_at, updated_at
) VALUES
  (
    '705800bc-991f-4684-a36b-391b3f3df6b2',
    'd817b655-477a-4dea-9e8f-bb944160c54f',
    7,
    '08:00:00',
    '09:00:00',
    TRUE,
    '2025-12-24 00:09:01',
    '2025-12-25 19:23:28'
  )
 ON CONFLICT (therapist_id, day_of_week, start_time) DO UPDATE SET 
  start_time = EXCLUDED.start_time,
  end_time = EXCLUDED.end_time,
  is_active = EXCLUDED.is_active;


-- ============================================================================
-- 8. MIGRACIÓN DE PERFILES DEL EQUIPO
-- ============================================================================

INSERT INTO team_profiles (
  id, member_type, linked_therapist_id, full_name,
  public_role_title, professional_level, public_bio,
  friendly_photo_url, is_visible_public, order_index, created_at, updated_at
) VALUES
  (
    '898f2054-a0bc-4bec-92dc-1515da92eebc',
    'clinical',
    '9f897d20-f406-4ee1-b29f-947f593822bf',
    'María Belén Jhon Raffo',
    'Psicóloga',
    NULL,
    'María Belén cursa el noveno ciclo de Psicología en la Pontificia Universidad Católica del Perú. Tiene un marcado interés en el acompañamiento a universitarios que atraviesan estrés académico, dificultades en habilidades sociales y procesos de adaptación a la vida universitaria.',
    'https://orkbgvnmnuqfkebrxpko.supabase.co/storage/v1/object/public/therapist-photos/team-profiles/team-1767337267020.jpg',
    TRUE,
    1005,
    '2025-12-22 21:31:30',
    '2026-01-01 05:52:44'
  )
 ON CONFLICT (id) DO UPDATE SET 
  full_name = EXCLUDED.full_name,
  public_role_title = EXCLUDED.public_role_title,
  public_bio = EXCLUDED.public_bio,
  order_index = EXCLUDED.order_index;


INSERT INTO team_profiles (
  id, member_type, linked_therapist_id, full_name,
  public_role_title, professional_level, public_bio,
  friendly_photo_url, is_visible_public, order_index, created_at, updated_at
) VALUES
  (
    '2d1e6d07-e752-4a7c-8c13-9b3b0f4a5a78',
    'institutional',
    NULL,
    'Gian Paul Leguía',
    'TI Manager',
    NULL,
    'Soy Gian Paul, estudiante de Ingeniería Industrial en la Universidad de Lima. Inicié mi formación en la Pontificia Universidad Católica del Perú, donde me hice consciente de la urgente falta de acceso real a la salud mental en la población universitaria, una problemática profunda y normalizada en el sistema educativo peruano.
Desde esa experiencia, impulso iniciativas que integran gestión, tecnología y un enfoque humanista, orientadas a desarrollar proyectos que acerquen el acompañamiento en salud mental a más personas y promuevan un uso responsable de herramientas digitales e IA.',
    'https://orkbgvnmnuqfkebrxpko.supabase.co/storage/v1/object/public/therapist-photos/team-profiles/team-1767334149722.png',
    TRUE,
    300,
    '2026-01-02 04:52:59',
    '2026-01-02 04:52:59'
  )
 ON CONFLICT (id) DO UPDATE SET 
  full_name = EXCLUDED.full_name,
  public_role_title = EXCLUDED.public_role_title,
  public_bio = EXCLUDED.public_bio,
  order_index = EXCLUDED.order_index;


INSERT INTO team_profiles (
  id, member_type, linked_therapist_id, full_name,
  public_role_title, professional_level, public_bio,
  friendly_photo_url, is_visible_public, order_index, created_at, updated_at
) VALUES
  (
    '9ca58958-c586-4fc0-8c0e-e76720125846',
    'institutional',
    NULL,
    'Esmeralda K. Y. Sánchez Soca',
    'Supervisora de equipo de Psicología',
    NULL,
    'Soy licenciada en Psicología clínica.',
    'https://orkbgvnmnuqfkebrxpko.supabase.co/storage/v1/object/public/therapist-photos/team-profiles/team-1767291379938.jpeg',
    FALSE,
    12,
    '2026-01-01 18:20:31',
    '2026-01-01 18:20:31'
  )
 ON CONFLICT (id) DO UPDATE SET 
  full_name = EXCLUDED.full_name,
  public_role_title = EXCLUDED.public_role_title,
  public_bio = EXCLUDED.public_bio,
  order_index = EXCLUDED.order_index;


INSERT INTO team_profiles (
  id, member_type, linked_therapist_id, full_name,
  public_role_title, professional_level, public_bio,
  friendly_photo_url, is_visible_public, order_index, created_at, updated_at
) VALUES
  (
    'c245c8c5-df29-428f-9668-dec3a21a4325',
    'clinical',
    'a687d924-bbac-4053-9ede-2397bd1119cb',
    'Adriana Alessandra San Miguel',
    'Psicóloga',
    NULL,
    'Adriana Alexandra cursa el noveno ciclo de Psicología en la Universidad Peruana de Ciencias Aplicadas (UPC). Tiene interés en el acompañamiento en duelo y relaciones amorosas, cuenta con experiencia en facilitación de talleres y se encuentra cursando formación terapéutica en Gestalt.',
    'https://orkbgvnmnuqfkebrxpko.supabase.co/storage/v1/object/public/therapist-photos/team-profiles/team-1767338955465.png',
    TRUE,
    600,
    '2025-12-22 21:31:30',
    '2026-01-01 00:38:29'
  )
 ON CONFLICT (id) DO UPDATE SET 
  full_name = EXCLUDED.full_name,
  public_role_title = EXCLUDED.public_role_title,
  public_bio = EXCLUDED.public_bio,
  order_index = EXCLUDED.order_index;


INSERT INTO team_profiles (
  id, member_type, linked_therapist_id, full_name,
  public_role_title, professional_level, public_bio,
  friendly_photo_url, is_visible_public, order_index, created_at, updated_at
) VALUES
  (
    '04e15371-8895-4dca-ab02-942366c25a7f',
    'clinical',
    '5ac03ce1-2d2a-40bc-aaef-6e8264cd0cbc',
    'Vicente Romero Espinoza',
    'Psicólogo',
    NULL,
    'Vicente Ignacio cursa el noveno ciclo de Psicología en la Pontificia Universidad Católica del Perú. Tiene interés en el acompañamiento en habilidades sociales, motivación y regulación de la emocionalidad, con enfoque en el desarrollo personal y el manejo de dificultades cotidianas en la vida universitaria.',
    'https://orkbgvnmnuqfkebrxpko.supabase.co/storage/v1/object/public/therapist-photos/team-profiles/team-1767338388299.png',
    TRUE,
    700,
    '2025-12-22 21:31:30',
    '2026-01-01 05:52:47'
  )
 ON CONFLICT (id) DO UPDATE SET 
  full_name = EXCLUDED.full_name,
  public_role_title = EXCLUDED.public_role_title,
  public_bio = EXCLUDED.public_bio,
  order_index = EXCLUDED.order_index;


INSERT INTO team_profiles (
  id, member_type, linked_therapist_id, full_name,
  public_role_title, professional_level, public_bio,
  friendly_photo_url, is_visible_public, order_index, created_at, updated_at
) VALUES
  (
    'b15da1eb-c1a1-4786-adc4-8227abd9664c',
    'institutional',
    NULL,
    'Luis Alberto Sánchez Soca',
    'Founder & CEO',
    NULL,
    'Soy Luis Alberto, CEO y fundador de MenteLivre, soy estudiante de Ingeniería Industrial en la Universidad de Lima. Mi trabajo se orienta a democratizar el acceso a la salud mental en el Perú, con especial énfasis en jóvenes y universitarios. Inicié mi formación universitaria en la carrera de Derecho en la Pontificia Universidad Católica del Perú, experiencia que fortaleció mi mirada ética y humanitaria, y que hoy guía el enfoque social de MenteLivre.',
    'https://orkbgvnmnuqfkebrxpko.supabase.co/storage/v1/object/public/therapist-photos/team-profiles/team-1767290852597.jpeg',
    TRUE,
    100,
    '2026-01-01 06:30:58',
    '2026-01-01 06:32:36'
  )
 ON CONFLICT (id) DO UPDATE SET 
  full_name = EXCLUDED.full_name,
  public_role_title = EXCLUDED.public_role_title,
  public_bio = EXCLUDED.public_bio,
  order_index = EXCLUDED.order_index;


INSERT INTO team_profiles (
  id, member_type, linked_therapist_id, full_name,
  public_role_title, professional_level, public_bio,
  friendly_photo_url, is_visible_public, order_index, created_at, updated_at
) VALUES
  (
    '0ffb6fb8-19dc-48cd-9d4f-93e96e395e15',
    'clinical',
    '0121f625-66d4-4463-8085-10e4ebca6c80',
    'Yessenia Cordova Benites',
    'Psicóloga',
    NULL,
    'Yesenia Córdova es egresada de Psicología de la Universidad Peruana de Ciencias Aplicadas (UPC). Tiene interés en el acompañamiento en duelo y habilidades sociales. Cuenta con experiencia en consejería psicológica con adultos y niños con neurodivergencia, así como en facilitación de talleres. Posee formación terapéutica en Terapia Dialéctico-Conductual (DBT).',
    'https://orkbgvnmnuqfkebrxpko.supabase.co/storage/v1/object/public/therapist-photos/team-profiles/team-1767339329835.png',
    TRUE,
    1009,
    '2025-12-22 21:31:30',
    '2026-01-01 05:52:50'
  )
 ON CONFLICT (id) DO UPDATE SET 
  full_name = EXCLUDED.full_name,
  public_role_title = EXCLUDED.public_role_title,
  public_bio = EXCLUDED.public_bio,
  order_index = EXCLUDED.order_index;


INSERT INTO team_profiles (
  id, member_type, linked_therapist_id, full_name,
  public_role_title, professional_level, public_bio,
  friendly_photo_url, is_visible_public, order_index, created_at, updated_at
) VALUES
  (
    '77f1f4a9-8ddb-4fb1-a793-a84fb613c90e',
    'clinical',
    '9b5479e0-1ff6-429e-a03f-a7f7183fa24e',
    'Ana Cristina Paco Callapiña',
    'Psicóloga',
    NULL,
    'Ana Cristina es egresada de Psicología de la Universidad Peruana Cayetano Heredia (UPCH). Tiene interés en el acompañamiento en duelo, relaciones de pareja y procesos de adaptación universitaria. Cuenta con experiencia en orientación y consejería psicológica en la DEMUNA, facilitación de talleres, trabajo en CEIM y evaluaciones a adultos mayores. Además, posee un diplomado en Maestra de Sombra.',
    'https://orkbgvnmnuqfkebrxpko.supabase.co/storage/v1/object/public/therapist-photos/team-profiles/team-1767338570107.png',
    TRUE,
    1002,
    '2025-12-22 21:31:30',
    '2026-01-01 00:00:51'
  )
 ON CONFLICT (id) DO UPDATE SET 
  full_name = EXCLUDED.full_name,
  public_role_title = EXCLUDED.public_role_title,
  public_bio = EXCLUDED.public_bio,
  order_index = EXCLUDED.order_index;


INSERT INTO team_profiles (
  id, member_type, linked_therapist_id, full_name,
  public_role_title, professional_level, public_bio,
  friendly_photo_url, is_visible_public, order_index, created_at, updated_at
) VALUES
  (
    '13bc5993-9068-46f1-a754-eaba22c2bf6e',
    'clinical',
    '86457749-cfc3-4921-8b59-7cbcce6f1798',
    'Arlette Eleanor Fátima Barrantes',
    'Psicóloga',
    NULL,
    'Soy estudiante de Psicología en formación, orientada al trabajo en consejería psicológica con enfoque en Terapia de Esquemas. Acompaño a jóvenes y adultos en la comprensión de patrones emocionales y relacionales que influyen en su bienestar y en sus decisiones actuales.

Tengo especial interés en el acompañamiento en relaciones amorosas, proyectos de vida, formación de hábitos y manejo de la ansiedad en situaciones cotidianas. Mi trabajo se basa en una orientación empática y respetuosa, brindando un espacio seguro para el autoconocimiento, la toma de decisiones conscientes y el des. personal',
    'https://orkbgvnmnuqfkebrxpko.supabase.co/storage/v1/object/public/therapist-photos/team-profiles/team-1767338055899.png',
    TRUE,
    800,
    '2025-12-22 21:31:30',
    '2026-01-01 05:52:40'
  )
 ON CONFLICT (id) DO UPDATE SET 
  full_name = EXCLUDED.full_name,
  public_role_title = EXCLUDED.public_role_title,
  public_bio = EXCLUDED.public_bio,
  order_index = EXCLUDED.order_index;


INSERT INTO team_profiles (
  id, member_type, linked_therapist_id, full_name,
  public_role_title, professional_level, public_bio,
  friendly_photo_url, is_visible_public, order_index, created_at, updated_at
) VALUES
  (
    '50b80c82-49df-4a76-9650-d10caa4ce422',
    'clinical',
    'eb03957b-55f3-4301-87a4-a6fc020c9360',
    'Sofía Valeria Aranda Galvez',
    'Psicóloga',
    NULL,
    'Sofía cursa el noveno ciclo de Psicología en la Universidad Peruana de Ciencias Aplicadas (UPC) y ha llevado cursos de formación en la Universidad de Arizona. Tiene interés en el acompañamiento en regulación emocional, ansiedad, autoestima y neurodesarrollo, y cuenta con formación en Terapia Cognitivo-Conductual (TCC).',
    'https://orkbgvnmnuqfkebrxpko.supabase.co/storage/v1/object/public/therapist-photos/team-profiles/team-1767339220592.png',
    TRUE,
    1200,
    '2025-12-22 21:31:30',
    '2026-01-01 05:52:46'
  )
 ON CONFLICT (id) DO UPDATE SET 
  full_name = EXCLUDED.full_name,
  public_role_title = EXCLUDED.public_role_title,
  public_bio = EXCLUDED.public_bio,
  order_index = EXCLUDED.order_index;


INSERT INTO team_profiles (
  id, member_type, linked_therapist_id, full_name,
  public_role_title, professional_level, public_bio,
  friendly_photo_url, is_visible_public, order_index, created_at, updated_at
) VALUES
  (
    'c0cac210-6b34-426d-9d11-59bb375c73e0',
    'clinical',
    'e90b5ecd-81e5-4e60-b0b2-9ad8cbc239d6',
    'Ximena Palacios',
    'Psicóloga',
    NULL,
    'Ximena Palacios es egresada de Psicología de la Pontificia Universidad Católica del Perú (PUCP). Tiene interés en el acompañamiento en temas académicos, estilos de comunicación y relaciones interpersonales. Cuenta con experiencia en orientación vocacional y acompañamiento a universitarios, y posee formación terapéutica en Gestalt y psicotrauma..',
    'https://orkbgvnmnuqfkebrxpko.supabase.co/storage/v1/object/public/therapist-photos/team-profiles/team-1767340035971.png',
    TRUE,
    1008,
    '2025-12-22 21:31:30',
    '2026-01-01 05:52:49'
  )
 ON CONFLICT (id) DO UPDATE SET 
  full_name = EXCLUDED.full_name,
  public_role_title = EXCLUDED.public_role_title,
  public_bio = EXCLUDED.public_bio,
  order_index = EXCLUDED.order_index;


INSERT INTO team_profiles (
  id, member_type, linked_therapist_id, full_name,
  public_role_title, professional_level, public_bio,
  friendly_photo_url, is_visible_public, order_index, created_at, updated_at
) VALUES
  (
    '05c08c19-373a-48e9-ad50-19b3229ce850',
    'clinical',
    'd817b655-477a-4dea-9e8f-bb944160c54f',
    'María Alejandra Mendoza Váscones',
    'Psicóloga',
    NULL,
    'María Alejandra cursa el noveno ciclo de Psicología en la Universidad Peruana de Ciencias Aplicadas (UPC). Tiene interés en el acompañamiento en regulación emocional y procesos de duelo. Cuenta con experiencia en consejería psicológica, acompañamiento, facilitación de talleres y evaluaciones, y formación terapéutica en población infantil y juvenil. Además, ha participado en entrenamientos internacionales en DBT Avanzado y ACT Avanzado, incluyendo el manejo de protocolos L-RAMP y DBT-RO.',
    'https://orkbgvnmnuqfkebrxpko.supabase.co/storage/v1/object/public/therapist-photos/friendly307b1252-8f48-4e6e-b4dc-0feff582b032701597.jpeg',
    TRUE,
    900,
    '2025-12-22 21:31:30',
    '2026-01-01 01:08:32'
  )
 ON CONFLICT (id) DO UPDATE SET 
  full_name = EXCLUDED.full_name,
  public_role_title = EXCLUDED.public_role_title,
  public_bio = EXCLUDED.public_bio,
  order_index = EXCLUDED.order_index;


INSERT INTO team_profiles (
  id, member_type, linked_therapist_id, full_name,
  public_role_title, professional_level, public_bio,
  friendly_photo_url, is_visible_public, order_index, created_at, updated_at
) VALUES
  (
    '11721fa4-f1ff-4b31-89a0-cd1c1de4c7a7',
    'institutional',
    NULL,
    'David Lados Ramirez',
    'Co-Founder',
    NULL,
    'David es Co-Founder de Mente Livre y estudiante de Marketing en la Universidad de Lima. Forma parte del proyecto desde sus etapas iniciales, participando activamente en cada una de las etapas del desarrollo de MenteLivre.
Integra el área de Marketing y Estrategia. Tiene especial interés en la estadística aplicada a la publicidad y a las ventas digitales, así como en comercio e importaciones. Dentro del equipo, destaca por su resiliencia, cercanía y energía positiva, aportando cohesión y motivación constante al trabajo del grupo. Además desempeña el rol de supervisor de planta en Noval Company.',
    'https://orkbgvnmnuqfkebrxpko.supabase.co/storage/v1/object/public/therapist-photos/team-profiles/team-1767930295256.png',
    TRUE,
    500,
    '2026-01-02 16:30:43',
    '2026-01-02 16:30:43'
  )
 ON CONFLICT (id) DO UPDATE SET 
  full_name = EXCLUDED.full_name,
  public_role_title = EXCLUDED.public_role_title,
  public_bio = EXCLUDED.public_bio,
  order_index = EXCLUDED.order_index;


INSERT INTO team_profiles (
  id, member_type, linked_therapist_id, full_name,
  public_role_title, professional_level, public_bio,
  friendly_photo_url, is_visible_public, order_index, created_at, updated_at
) VALUES
  (
    'b6eeb075-1b4c-4216-b2c6-459afc8c655a',
    'institutional',
    NULL,
    'Daniela López',
    'Marketing Manager',
    NULL,
    'Daniela López es Manager del área de Marketing en Mente Livre y estudiante de Comunicaciones en la Universidad de Lima. Ha culminado cursos de marketing digital, diseño gráfico y Meta Ads, lo que le permite integrar estrategia, contenido y ejecución.
Tiene interés en el desarrollo inmobiliario y destaca por su perfil creativo, extrovertido y orientado al liderazgo, con una fuerte capacidad para coordinar equipos y alinear esfuerzos hacia objetivos comunes.',
    NULL,
    TRUE,
    400,
    '2026-01-02 16:27:40',
    '2026-01-02 16:27:40'
  )
 ON CONFLICT (id) DO UPDATE SET 
  full_name = EXCLUDED.full_name,
  public_role_title = EXCLUDED.public_role_title,
  public_bio = EXCLUDED.public_bio,
  order_index = EXCLUDED.order_index;


INSERT INTO team_profiles (
  id, member_type, linked_therapist_id, full_name,
  public_role_title, professional_level, public_bio,
  friendly_photo_url, is_visible_public, order_index, created_at, updated_at
) VALUES
  (
    'df4e1bec-ff45-485a-9aa4-2e13f8ce8694',
    'institutional',
    NULL,
    'Mayte Nicole Huamán Agüero',
    'Supervisora Clínica',
    NULL,
    'Mayte Nicole Huamán Agüero es estudiante de Psicología Clínica en la UPC, cursando el noveno ciclo y perteneciente al décimo superior. Cuenta con formación en Terapia Cognitivo-Conductual, Terapias Contextuales (ACT y DBT) y Psicología Positiva. Tiene experiencia en evaluación psicológica, aplicación de pruebas psicométricas y proyectivas, así como en intervención y acompañamiento emocional con niños, adolescentes, adultos, adultos mayores y población neurodivergente. Su abordaje se caracteriza por la empatía, el compromiso ético y la orientación al bienestar emocional.',
    'https://orkbgvnmnuqfkebrxpko.supabase.co/storage/v1/object/public/therapist-photos/team-profiles/team-1767589059065.png',
    TRUE,
    200,
    '2026-01-05 04:59:36',
    '2026-01-05 04:59:36'
  )
 ON CONFLICT (id) DO UPDATE SET 
  full_name = EXCLUDED.full_name,
  public_role_title = EXCLUDED.public_role_title,
  public_bio = EXCLUDED.public_bio,
  order_index = EXCLUDED.order_index;


-- ============================================================================
-- 9. ACTUALIZACIÓN DE CONTENIDO DEL SITIO
-- ============================================================================

INSERT INTO site_content (
  id, about_title, about_intro, mission, vision,
  approach, values, created_at, updated_at
) VALUES
  (
    '00000000-0000-0000-0000-000000000001',
    '¿Quiénes Somos?',
    'Somos un equipo multidisciplinario de profesionales y practicantes en formación, con un enfoque emprendedor y social, comprometidos con acercar la salud mental a jóvenes que buscan un acompañamiento de calidad, flexible y accesible. Trabajamos desde una mirada humana y responsable, convencidos de que el acceso a la salud mental debe ser una posibilidad real y no un privilegio.',
    'Brindar acompañamiento emocional accesible y de calidad a jóvenes universitarios, promoviendo su bienestar mental durante una etapa crucial de sus vidas',
    'Ser referentes en salud mental a nivel nacional construyendo una comunidad donde el bienestar psicológico sea prioridad y esté al alcance de todos',
    'Ofrecemos consejería psicológica, enfocada en orientación breve y objetivos concretos',
    '["Confidencialidad","Accesibilidad","Compromiso social","Profesionalismo","Empatía"]',
    '2026-01-01 00:17:18',
    '2026-01-03 18:48:20'
  )
 ON CONFLICT (id) DO UPDATE SET 
  about_title = EXCLUDED.about_title,
  about_intro = EXCLUDED.about_intro,
  mission = EXCLUDED.mission,
  vision = EXCLUDED.vision,
  approach = EXCLUDED.approach,
  values = EXCLUDED.values;


-- ============================================================================
-- 10. ACTUALIZACIÓN DE REGLAS DE DOMINIOS DE EMAIL
-- ============================================================================

INSERT INTO email_domain_rules (
  id, domain, rule_type, note, is_active, created_at, updated_at
) VALUES
  (
    'e27cb76b-561e-4742-b158-b077dcce283a',
    'pucp.edu.pe',
    'whitelist',
    'Pontificia Universidad Católica del Perú',
    TRUE,
    '2026-01-12 19:56:31',
    '2026-01-12 19:56:31'
  )
 ON CONFLICT (domain) DO UPDATE SET 
  rule_type = EXCLUDED.rule_type,
  note = EXCLUDED.note,
  is_active = EXCLUDED.is_active;


INSERT INTO email_domain_rules (
  id, domain, rule_type, note, is_active, created_at, updated_at
) VALUES
  (
    'ae705e86-3432-4f1a-9ba1-9e1da08c0a2b',
    'ulima.edu.pe',
    'whitelist',
    'Universidad de Lima',
    TRUE,
    '2026-01-12 19:56:31',
    '2026-01-12 19:56:31'
  )
 ON CONFLICT (domain) DO UPDATE SET 
  rule_type = EXCLUDED.rule_type,
  note = EXCLUDED.note,
  is_active = EXCLUDED.is_active;


INSERT INTO email_domain_rules (
  id, domain, rule_type, note, is_active, created_at, updated_at
) VALUES
  (
    '571b2c06-d4cc-488a-9a8f-9c5759f6e212',
    'upc.edu.pe',
    'whitelist',
    'Universidad Peruana de Ciencias Aplicadas',
    TRUE,
    '2026-01-12 19:56:31',
    '2026-01-12 19:56:31'
  )
 ON CONFLICT (domain) DO UPDATE SET 
  rule_type = EXCLUDED.rule_type,
  note = EXCLUDED.note,
  is_active = EXCLUDED.is_active;


INSERT INTO email_domain_rules (
  id, domain, rule_type, note, is_active, created_at, updated_at
) VALUES
  (
    '9e71e11f-9a6d-487a-ad88-069882735963',
    'up.edu.pe',
    'whitelist',
    'Universidad del Pacífico',
    TRUE,
    '2026-01-12 19:56:31',
    '2026-01-12 19:56:31'
  )
 ON CONFLICT (domain) DO UPDATE SET 
  rule_type = EXCLUDED.rule_type,
  note = EXCLUDED.note,
  is_active = EXCLUDED.is_active;


INSERT INTO email_domain_rules (
  id, domain, rule_type, note, is_active, created_at, updated_at
) VALUES
  (
    '3f76d475-22d5-4820-97ad-5684f7d51c11',
    'usmp.pe',
    'whitelist',
    'Universidad San Martín de Porres',
    TRUE,
    '2026-01-12 19:56:31',
    '2026-01-12 19:56:31'
  )
 ON CONFLICT (domain) DO UPDATE SET 
  rule_type = EXCLUDED.rule_type,
  note = EXCLUDED.note,
  is_active = EXCLUDED.is_active;


INSERT INTO email_domain_rules (
  id, domain, rule_type, note, is_active, created_at, updated_at
) VALUES
  (
    'dfb6339a-4ef8-47de-883d-77d094512de6',
    'unmsm.edu.pe',
    'whitelist',
    'Universidad Nacional Mayor de San Marcos',
    TRUE,
    '2026-01-12 19:56:31',
    '2026-01-12 19:56:31'
  )
 ON CONFLICT (domain) DO UPDATE SET 
  rule_type = EXCLUDED.rule_type,
  note = EXCLUDED.note,
  is_active = EXCLUDED.is_active;


INSERT INTO email_domain_rules (
  id, domain, rule_type, note, is_active, created_at, updated_at
) VALUES
  (
    'c14b27c0-2f21-4603-bd5b-10fc8fc67083',
    'unfv.edu.pe',
    'whitelist',
    'Universidad Nacional Federico Villarreal',
    TRUE,
    '2026-01-12 19:56:31',
    '2026-01-12 19:56:31'
  )
 ON CONFLICT (domain) DO UPDATE SET 
  rule_type = EXCLUDED.rule_type,
  note = EXCLUDED.note,
  is_active = EXCLUDED.is_active;


INSERT INTO email_domain_rules (
  id, domain, rule_type, note, is_active, created_at, updated_at
) VALUES
  (
    '7223d0a5-4218-4490-8361-3ef8341af56e',
    'uni.edu.pe',
    'whitelist',
    'Universidad Nacional de Ingeniería',
    TRUE,
    '2026-01-12 19:56:31',
    '2026-01-12 19:56:31'
  )
 ON CONFLICT (domain) DO UPDATE SET 
  rule_type = EXCLUDED.rule_type,
  note = EXCLUDED.note,
  is_active = EXCLUDED.is_active;


INSERT INTO email_domain_rules (
  id, domain, rule_type, note, is_active, created_at, updated_at
) VALUES
  (
    'b4a15917-dba9-4179-ad53-df7daee7168b',
    'unsa.edu.pe',
    'whitelist',
    'Universidad Nacional de San Agustín',
    TRUE,
    '2026-01-12 19:56:31',
    '2026-01-12 19:56:31'
  )
 ON CONFLICT (domain) DO UPDATE SET 
  rule_type = EXCLUDED.rule_type,
  note = EXCLUDED.note,
  is_active = EXCLUDED.is_active;


INSERT INTO email_domain_rules (
  id, domain, rule_type, note, is_active, created_at, updated_at
) VALUES
  (
    '77ed9124-c16c-45a2-9ed3-aa0b61cbcc16',
    'ucsm.edu.pe',
    'whitelist',
    'Universidad Católica de Santa María',
    TRUE,
    '2026-01-12 19:56:31',
    '2026-01-12 19:56:31'
  )
 ON CONFLICT (domain) DO UPDATE SET 
  rule_type = EXCLUDED.rule_type,
  note = EXCLUDED.note,
  is_active = EXCLUDED.is_active;


INSERT INTO email_domain_rules (
  id, domain, rule_type, note, is_active, created_at, updated_at
) VALUES
  (
    '071d9310-8463-43fa-8a6e-b367a79e8465',
    'ucsp.edu.pe',
    'whitelist',
    'Universidad Católica San Pablo',
    TRUE,
    '2026-01-12 19:56:31',
    '2026-01-12 19:56:31'
  )
 ON CONFLICT (domain) DO UPDATE SET 
  rule_type = EXCLUDED.rule_type,
  note = EXCLUDED.note,
  is_active = EXCLUDED.is_active;


INSERT INTO email_domain_rules (
  id, domain, rule_type, note, is_active, created_at, updated_at
) VALUES
  (
    '70872a25-c3f6-46a9-b8ab-b338c049b9ab',
    'uandina.edu.pe',
    'whitelist',
    'Universidad Andina del Cusco',
    TRUE,
    '2026-01-12 19:56:31',
    '2026-01-12 19:56:31'
  )
 ON CONFLICT (domain) DO UPDATE SET 
  rule_type = EXCLUDED.rule_type,
  note = EXCLUDED.note,
  is_active = EXCLUDED.is_active;


INSERT INTO email_domain_rules (
  id, domain, rule_type, note, is_active, created_at, updated_at
) VALUES
  (
    'f3deef52-de41-423b-b1a2-260782b2f122',
    'ucsur.edu.pe',
    'whitelist',
    'Universidad Científica del Sur',
    TRUE,
    '2026-01-12 19:56:31',
    '2026-01-12 19:56:31'
  )
 ON CONFLICT (domain) DO UPDATE SET 
  rule_type = EXCLUDED.rule_type,
  note = EXCLUDED.note,
  is_active = EXCLUDED.is_active;


INSERT INTO email_domain_rules (
  id, domain, rule_type, note, is_active, created_at, updated_at
) VALUES
  (
    '0e00d925-4cba-49d9-8cce-2e4b17224437',
    'upn.edu.pe',
    'whitelist',
    'Universidad Privada del Norte',
    TRUE,
    '2026-01-12 19:56:31',
    '2026-01-12 19:56:31'
  )
 ON CONFLICT (domain) DO UPDATE SET 
  rule_type = EXCLUDED.rule_type,
  note = EXCLUDED.note,
  is_active = EXCLUDED.is_active;


INSERT INTO email_domain_rules (
  id, domain, rule_type, note, is_active, created_at, updated_at
) VALUES
  (
    '31b8ff90-e8d4-4064-83a1-6d9c44945630',
    'utp.edu.pe',
    'whitelist',
    'Universidad Tecnológica del Perú',
    TRUE,
    '2026-01-12 19:56:31',
    '2026-01-12 19:56:31'
  )
 ON CONFLICT (domain) DO UPDATE SET 
  rule_type = EXCLUDED.rule_type,
  note = EXCLUDED.note,
  is_active = EXCLUDED.is_active;


INSERT INTO email_domain_rules (
  id, domain, rule_type, note, is_active, created_at, updated_at
) VALUES
  (
    'cedf0b54-13ef-4639-b43c-7566cabe8930',
    'upao.edu.pe',
    'whitelist',
    'Universidad Privada Antenor Orrego',
    TRUE,
    '2026-01-12 19:56:31',
    '2026-01-12 19:56:31'
  )
 ON CONFLICT (domain) DO UPDATE SET 
  rule_type = EXCLUDED.rule_type,
  note = EXCLUDED.note,
  is_active = EXCLUDED.is_active;


INSERT INTO email_domain_rules (
  id, domain, rule_type, note, is_active, created_at, updated_at
) VALUES
  (
    'ce8b23d7-cc4a-4fd4-867b-bba807c0f21b',
    'usat.edu.pe',
    'whitelist',
    'Universidad Católica Santo Toribio de Mogrovejo',
    TRUE,
    '2026-01-12 19:56:31',
    '2026-01-12 19:56:31'
  )
 ON CONFLICT (domain) DO UPDATE SET 
  rule_type = EXCLUDED.rule_type,
  note = EXCLUDED.note,
  is_active = EXCLUDED.is_active;


INSERT INTO email_domain_rules (
  id, domain, rule_type, note, is_active, created_at, updated_at
) VALUES
  (
    'ccf99f3a-2300-4c7c-add2-92f417e2fcc0',
    'udep.edu.pe',
    'whitelist',
    'Universidad de Piura',
    TRUE,
    '2026-01-12 19:56:31',
    '2026-01-12 19:56:31'
  )
 ON CONFLICT (domain) DO UPDATE SET 
  rule_type = EXCLUDED.rule_type,
  note = EXCLUDED.note,
  is_active = EXCLUDED.is_active;


INSERT INTO email_domain_rules (
  id, domain, rule_type, note, is_active, created_at, updated_at
) VALUES
  (
    '35de70c5-da5b-4783-a0b7-6010dcbe7fb4',
    'continental.edu.pe',
    'whitelist',
    'Universidad Continental',
    TRUE,
    '2026-01-12 19:56:31',
    '2026-01-12 19:56:31'
  )
 ON CONFLICT (domain) DO UPDATE SET 
  rule_type = EXCLUDED.rule_type,
  note = EXCLUDED.note,
  is_active = EXCLUDED.is_active;


INSERT INTO email_domain_rules (
  id, domain, rule_type, note, is_active, created_at, updated_at
) VALUES
  (
    'e5c42f5d-267b-42b3-9cbd-caff94f03358',
    'usil.edu.pe',
    'whitelist',
    'Universidad San Ignacio de Loyola',
    TRUE,
    '2026-01-12 19:56:31',
    '2026-01-12 19:56:31'
  )
 ON CONFLICT (domain) DO UPDATE SET 
  rule_type = EXCLUDED.rule_type,
  note = EXCLUDED.note,
  is_active = EXCLUDED.is_active;


INSERT INTO email_domain_rules (
  id, domain, rule_type, note, is_active, created_at, updated_at
) VALUES
  (
    '20451bde-bc4d-480e-b868-2052e2da81b9',
    'esan.edu.pe',
    'whitelist',
    'Universidad ESAN',
    TRUE,
    '2026-01-12 19:56:31',
    '2026-01-12 19:56:31'
  )
 ON CONFLICT (domain) DO UPDATE SET 
  rule_type = EXCLUDED.rule_type,
  note = EXCLUDED.note,
  is_active = EXCLUDED.is_active;


INSERT INTO email_domain_rules (
  id, domain, rule_type, note, is_active, created_at, updated_at
) VALUES
  (
    'dde4bf9e-3ffb-4208-8555-6e83a67a57a1',
    'cayetano.edu.pe',
    'whitelist',
    'Universidad Peruana Cayetano Heredia',
    TRUE,
    '2026-01-12 19:56:31',
    '2026-01-12 19:56:31'
  )
 ON CONFLICT (domain) DO UPDATE SET 
  rule_type = EXCLUDED.rule_type,
  note = EXCLUDED.note,
  is_active = EXCLUDED.is_active;


INSERT INTO email_domain_rules (
  id, domain, rule_type, note, is_active, created_at, updated_at
) VALUES
  (
    '6077db23-1212-49fd-9e82-88ab1ccb1e20',
    'urp.edu.pe',
    'whitelist',
    'Universidad Ricardo Palma',
    TRUE,
    '2026-01-12 19:56:31',
    '2026-01-12 19:56:31'
  )
 ON CONFLICT (domain) DO UPDATE SET 
  rule_type = EXCLUDED.rule_type,
  note = EXCLUDED.note,
  is_active = EXCLUDED.is_active;


INSERT INTO email_domain_rules (
  id, domain, rule_type, note, is_active, created_at, updated_at
) VALUES
  (
    'e97b29cf-2211-456a-9f93-1eeffc9f6a99',
    'uigv.edu.pe',
    'whitelist',
    'Universidad Inca Garcilaso de la Vega',
    TRUE,
    '2026-01-12 19:56:31',
    '2026-01-12 19:56:31'
  )
 ON CONFLICT (domain) DO UPDATE SET 
  rule_type = EXCLUDED.rule_type,
  note = EXCLUDED.note,
  is_active = EXCLUDED.is_active;


INSERT INTO email_domain_rules (
  id, domain, rule_type, note, is_active, created_at, updated_at
) VALUES
  (
    '768f15ea-178a-49ab-8869-1e94407291b4',
    'uap.edu.pe',
    'whitelist',
    'Universidad Alas Peruanas',
    TRUE,
    '2026-01-12 19:56:31',
    '2026-01-12 19:56:31'
  )
 ON CONFLICT (domain) DO UPDATE SET 
  rule_type = EXCLUDED.rule_type,
  note = EXCLUDED.note,
  is_active = EXCLUDED.is_active;


INSERT INTO email_domain_rules (
  id, domain, rule_type, note, is_active, created_at, updated_at
) VALUES
  (
    '6fe844ee-eac0-4779-9c3e-545ad3993cbd',
    'uncp.edu.pe',
    'whitelist',
    'Universidad Nacional del Centro del Perú',
    TRUE,
    '2026-01-12 19:56:31',
    '2026-01-12 19:56:31'
  )
 ON CONFLICT (domain) DO UPDATE SET 
  rule_type = EXCLUDED.rule_type,
  note = EXCLUDED.note,
  is_active = EXCLUDED.is_active;


INSERT INTO email_domain_rules (
  id, domain, rule_type, note, is_active, created_at, updated_at
) VALUES
  (
    '5d09c018-7eb6-4414-823a-222d8e882096',
    'unsaac.edu.pe',
    'whitelist',
    'Universidad Nacional de San Antonio Abad del Cusco',
    TRUE,
    '2026-01-12 19:56:31',
    '2026-01-12 19:56:31'
  )
 ON CONFLICT (domain) DO UPDATE SET 
  rule_type = EXCLUDED.rule_type,
  note = EXCLUDED.note,
  is_active = EXCLUDED.is_active;


INSERT INTO email_domain_rules (
  id, domain, rule_type, note, is_active, created_at, updated_at
) VALUES
  (
    '0ff3de1e-7876-4d43-8db8-f619c512bfc4',
    'unt.edu.pe',
    'whitelist',
    'Universidad Nacional de Trujillo',
    TRUE,
    '2026-01-12 19:56:31',
    '2026-01-12 19:56:31'
  )
 ON CONFLICT (domain) DO UPDATE SET 
  rule_type = EXCLUDED.rule_type,
  note = EXCLUDED.note,
  is_active = EXCLUDED.is_active;


INSERT INTO email_domain_rules (
  id, domain, rule_type, note, is_active, created_at, updated_at
) VALUES
  (
    '6c68d576-7882-47db-bcd6-62ba0e1adcaa',
    'unp.edu.pe',
    'whitelist',
    'Universidad Nacional de Piura',
    TRUE,
    '2026-01-12 19:56:31',
    '2026-01-12 19:56:31'
  )
 ON CONFLICT (domain) DO UPDATE SET 
  rule_type = EXCLUDED.rule_type,
  note = EXCLUDED.note,
  is_active = EXCLUDED.is_active;


INSERT INTO email_domain_rules (
  id, domain, rule_type, note, is_active, created_at, updated_at
) VALUES
  (
    '2ba31faa-5ae5-4ca2-8ab5-dbc612b5a242',
    'unprg.edu.pe',
    'whitelist',
    'Universidad Nacional Pedro Ruiz Gallo',
    TRUE,
    '2026-01-12 19:56:31',
    '2026-01-12 19:56:31'
  )
 ON CONFLICT (domain) DO UPDATE SET 
  rule_type = EXCLUDED.rule_type,
  note = EXCLUDED.note,
  is_active = EXCLUDED.is_active;


-- ============================================================================
-- FIN DE MIGRACIÓN
-- ============================================================================



-- ============================================================================
-- NOTAS IMPORTANTES
-- ============================================================================
-- 
-- ⚠️  IMPORTANTE: Los passwords de usuarios están temporalmente como:
--     '$2y$10$TEMPORARY.PASSWORD.MUST.BE.CHANGED'
--     DEBES regenerar los passwords reales después de la migración
-- 
-- ✅ Verificar la integridad de los datos después de ejecutar:
--     SELECT COUNT(*) FROM users;

--     SELECT COUNT(*) FROM therapists;

--     SELECT COUNT(*) FROM appointments;

-- 
-- ============================================================================
;


-- SOURCE: 002_normalize_image_urls.sql
-- ============================================================================
-- Script para normalizar las URLs de imágenes en la base de datos
-- Este script extrae el nombre del archivo de las URLs de Supabase y 
-- actualiza las rutas para usar solo el nombre del archivo relativo
-- ============================================================================

-- Actualizar therapist_photos.photo_url
-- Extraer nombre del archivo de URLs de Supabase o mantener rutas relativas existentes

UPDATE therapist_photos
SET photo_url = CASE
    -- Si es una URL de Supabase, extraer solo el nombre del archivo
    WHEN photo_url LIKE 'https://orkbgvnmnuqfkebrxpko.supabase.co/storage/v1/object/public/therapist-photos/%' THEN
        CONCAT('therapists/photos/', substring(photo_url from '[^/]+$'))
    -- Si es una URL de Supabase friendly, extraer solo el nombre del archivo
    WHEN photo_url LIKE 'https://orkbgvnmnuqfkebrxpko.supabase.co/storage/v1/object/public/therapist-photos/friendly-%' THEN
        CONCAT('therapists/photos/', substring(photo_url from '[^/]+$'))
    -- Si ya es una ruta relativa como /therapists/..., convertir a formato relativo sin /
    WHEN photo_url LIKE '/therapists/%' THEN
        CONCAT('therapists/photos/', substring(photo_url from '[^/]+$'))
    -- Mantener el resto como está si ya está en el formato correcto
    ELSE photo_url
END
WHERE photo_url IS NOT NULL;


-- Actualizar team_profiles.friendly_photo_url
-- Extraer nombre del archivo de URLs de Supabase

UPDATE team_profiles
SET friendly_photo_url = CASE
    -- Si es una URL de Supabase team-profiles, extraer solo el nombre del archivo
    WHEN friendly_photo_url LIKE 'https://orkbgvnmnuqfkebrxpko.supabase.co/storage/v1/object/public/therapist-photos/team-profiles/%' THEN
        CONCAT('team/photos/', substring(friendly_photo_url from '[^/]+$'))
    -- Mantener el resto como está si ya está en el formato correcto
    ELSE friendly_photo_url
END
WHERE friendly_photo_url IS NOT NULL;


-- Verificar los resultados
SELECT 
    'therapist_photos' AS table_name,
    COUNT(*) AS total_records,
    COUNT(CASE WHEN photo_url LIKE 'therapists/photos/%' THEN 1 END) AS normalized_urls,
    COUNT(CASE WHEN photo_url LIKE 'https://%' THEN 1 END) AS remaining_urls
FROM therapist_photos
WHERE photo_url IS NOT NULL

UNION ALL

SELECT 
    'team_profiles' AS table_name,
    COUNT(*) AS total_records,
    COUNT(CASE WHEN friendly_photo_url LIKE 'team/photos/%' THEN 1 END) AS normalized_urls,
    COUNT(CASE WHEN friendly_photo_url LIKE 'https://%' THEN 1 END) AS remaining_urls
FROM team_profiles
WHERE friendly_photo_url IS NOT NULL;


-- SOURCE: 003_remove_duplicates.sql
-- Script para eliminar duplicados en therapist_experience_topics y therapist_photos
-- Mantiene solo una copia de cada registro duplicado

-- Eliminar duplicados de therapist_experience_topics
-- Crear tabla temporal con registros únicos
CREATE TEMPORARY TABLE temp_topics AS
SELECT MIN(id) as id, therapist_id, topic
FROM therapist_experience_topics
GROUP BY therapist_id, topic;


-- Eliminar todos los registros de la tabla original
DELETE FROM therapist_experience_topics;


-- Reinsertar solo los registros únicos
INSERT INTO therapist_experience_topics (id, therapist_id, topic)
SELECT id, therapist_id, topic FROM temp_topics;


DROP TEMPORARY TABLE temp_topics;


-- Eliminar duplicados de therapist_photos
-- Crear tabla temporal con registros únicos
CREATE TEMPORARY TABLE temp_photos AS
SELECT MIN(id) as id, therapist_id, photo_type, photo_url, photo_position, is_active
FROM therapist_photos
GROUP BY therapist_id, photo_type, photo_url, photo_position, is_active;


-- Eliminar todos los registros de la tabla original
DELETE FROM therapist_photos;


-- Reinsertar solo los registros únicos
INSERT INTO therapist_photos (id, therapist_id, photo_type, photo_url, photo_position, is_active)
SELECT id, therapist_id, photo_type, photo_url, photo_position, is_active FROM temp_photos;


DROP TEMPORARY TABLE temp_photos;


-- Verificar resultados
SELECT 'Experience Topics:' as message;

SELECT therapist_id, COUNT(*) as topics_count 
FROM therapist_experience_topics 
GROUP BY therapist_id 
ORDER BY therapist_id 
LIMIT 5;


SELECT 'Photos:' as message;

SELECT therapist_id, COUNT(*) as photos_count 
FROM therapist_photos 
GROUP BY therapist_id 
ORDER BY therapist_id 
LIMIT 5;


-- SOURCE: 004_add_password_reset_tokens.sql

CREATE TABLE IF NOT EXISTS password_reset_tokens (
  id UUID PRIMARY KEY,
  user_id UUID NOT NULL,
  token VARCHAR(255) NOT NULL UNIQUE,
  expires_at TIMESTAMP NOT NULL,
  used_at TIMESTAMP NULL,
  created_at TIMESTAMP NOT NULL DEFAULT CURRENT_TIMESTAMP,
  FOREIGN KEY (user_id) REFERENCES users(id) ON DELETE CASCADE
);
CREATE INDEX IF NOT EXISTS idx_password_reset_tokens_user ON password_reset_tokens(user_id);
CREATE INDEX IF NOT EXISTS idx_password_reset_tokens_expires ON password_reset_tokens(expires_at);


-- SOURCE: 005_add_promo_code_id_to_appointments.sql

-- Replaced MySQL stored procedure with Postgres ALTER TABLE IF EXISTS
DO $$
BEGIN
    BEGIN
        ALTER TABLE appointments ADD COLUMN promo_code_id UUID NULL REFERENCES promo_codes(id) ON DELETE SET NULL;
    EXCEPTION
        WHEN duplicate_column THEN RAISE NOTICE 'column promo_code_id already exists in appointments.';
    END;
END;
$$;
CREATE INDEX IF NOT EXISTS idx_appointments_promo_code ON appointments(promo_code_id);


-- SOURCE: 006_update_site_content_purpose.sql
-- ============================================================================
-- 006: Valor por defecto para site_content.purpose
-- ============================================================================
-- La columna purpose ya existe en site_content (TEXT NULL). Los INSERT iniciales
-- no la rellenaban, por eso la API devuelve "purpose": null.
-- Esta migración actualiza el registro existente con un texto por defecto
-- solo cuando purpose es NULL (idempotente).
-- ============================================================================

UPDATE site_content
SET purpose = 'Acompañar a jóvenes en su bienestar emocional con profesionalismo y calidez.'
WHERE id = '00000000-0000-0000-0000-000000000001'
  AND (purpose IS NULL OR TRIM(COALESCE(purpose, '')) = '');


-- SOURCE: 007_add_mercadopago_fields.sql
-- ============================================================================
-- MIGRACIÓN 007: Agregar campos MercadoPago a appointment_payments
-- Fecha: 2026-02-11
-- Propósito: Soporte para pagos con MercadoPago (Card Payment Brick)
-- ============================================================================

-- Agregar columna para ID de pago externo (MercadoPago payment_id)
ALTER TABLE appointment_payments
  ADD COLUMN IF NOT EXISTS external_payment_id VARCHAR(100) NULL COMMENT 'ID del pago en pasarela externa (MercadoPago)',
  ADD COLUMN IF NOT EXISTS external_status VARCHAR(50) NULL COMMENT 'Estado del pago en pasarela externa (approved, pending, rejected)',
  ADD COLUMN IF NOT EXISTS external_status_detail VARCHAR(100) NULL COMMENT 'Detalle del estado en pasarela externa';


-- Índice para búsqueda por payment_id externo
ALTER TABLE appointment_payments
  CREATE INDEX IF NOT EXISTS idx_appointment_payments_external_id (external_payment_id);


-- SOURCE: 008_add_culqi_support.sql
-- Migration 008: Add Culqi Support
-- Reusing existing columns from 007 (external_payment_id, etc.)
-- Just need to ensure payment_method enum or check allows 'culqi'
-- If payment_method is VARCHAR(50) (it is), we are good.

-- We can add an index or specific column if needed, but 007 covered the basics.
-- Let's just create a placeholder migration to track this change in history.

SELECT 1;
 -- No schema changes required over 007
;


-- SOURCE: 009_add_google_auth.sql
-- Add google_sub to users table
ALTER TABLE users 
ADD COLUMN google_sub VARCHAR(255) NULL UNIQUE;


-- Add avatar_url to profiles table
ALTER TABLE profiles 
ADD COLUMN avatar_url VARCHAR(512) NULL;


